brand,titles
apple,watch
apple,ipad
apple,laptop
apple,homepod
apple,tv
apple,iphone
apple,airpods
Nintendo,amiibo
amazon,fire
arlo,pro
asus,laptop
dell,alienware
beats,solo3
bose,headphones
beats,studio
beats,headphones
google,chromebook
google,chromecast
canon,camera
dell,laptop
dyson,vacuum
dell,xps
essential,phone
amazon,echo
wd,easystore
amazon,fire
microsoft,xbox
fitbit,charge
fitbit,ionic
gopro,camera
google,home
google,pixel
hp,laptop
hp,spectre
microsoft,x360
jbl,speaker
jaybird,x3
jbl,charge
jbl,headphones
jaybird,freedom
jbl,flip
kitchenaid,mixer
amazon,kindle
klipsch,speakers
sony,4k
lenovo,laptop
lg,tv
logitech,mouse
lenovo,yoga
lg,oled
apple,macbook
nintendo,switch
nintendo,classic
nest,thermostat
nvidia,shield
samsung,note8
oculus,rift
onkyo,receivers
sony,playstation
sony,ps4
samsung,smarttv
quickbooks,pro
ring,doorbell
roku,streaming
roku,tv
samsung,galaxy
samsung,gear
samsung,tv
nintendo,wii
upright,freezer
vizio,tv
verizon,phones
vizio,soundbar
ring,doorbell
beats,solo3
yamaha,receiver
yamaha,soundbar
yeti,microphone
zagg,invisibleshield
zagg,iphone
moto,z2force
zte,blade
zte,spark
zte,maven
zte,axon
aaxa,projector
dyson,absolute
acer,chromebook
acer,laptop
acer,aspire
acer,predator
adobe,photoshop
adobe,premiere
msi,aegis
aeon,wallmount
aerosmith,cd
aeroccino,milkfrother
aeon,projector
aftershokz,headphones
aftershokz,trekz
aftershokz,titanium
afterglow,headset
afterglow,ag9
afterglow,xbox
afterglow,one
afterglow,controller
agitator,washing
whirlpool,wod93ec0ah
asus,vx24ah
apple,airport
apple,extreme
akg,headphones
amazon,alexa
altec,speakers
lansing,speakers
google,android
anker,power
aoc,monitor
aoc,agon
bose,headphones
arlo,camera
arlo,security
arris,cable
arris,modem
arris,router
arris,surfboard
arris,sb6190
ark,evolved
asus,laptop
astro,headset
asus,monitor
asus,zenbook
at&t,prepaid
at&t,phones
zte,maven
at&t,gophone
atomic,steelbook
audioquest,hdmi
audioquest,cables
lowepro,protactic
axess,speaker
zte,axon
axxess,aswc-1
azulle,minipc
sphero,bb-8
garmin,bc30
sony,gtkxb7bc
beats,studio
beats,powerbeats
canon,camera
bissell,carpet
bissell,cleaner
bissell,vacuum
acer,aspire
bmw,series
bose,wireless
beats,wireless
sony,wireless
boost,mobile
boost,cell
boost,phones
bosch,dishwasher
bose,quietcomfort
bose,home
bose,theater
lowepro,fastpack
brother,printer
breville,toaster
breville,oven
bragi,dash
sony,xb50bs
jbl,reflect
razer,hammerhead
amazon,kindle
bunn,coffee
b&w,speakers
b&w,headphones
b&w,subwoofer
b&w,px
beats,dre
canon,camera
whirlpool,w3cg3014xs
whirlpool,w3cg3014xb
lg,wd100ck
nintendo,super
corsair,keyboard
crock,pot
cuisinart,coffee
dell,toner
lg,wt7200cw
texas,ti-nspire
activeon,camera
sennheiser,headphones
cyberpowerpc,desktop
cyberpowerpc,gaming
aaxa,projector
acer,predator
afterglow,headset
asus,monitor
asus,vx24ah
audioquest,hdmi
audioquest,cables
b&w,headphones
beats,headphones
bose,soundbar
canon,sx730
canon,vixia
chefman,fryer
dell,s2417dg
eero,pro
epson,cartridges
equator,washer
escort,radar
escort,detector
essential,phone
essential,case