asin,titles,brand
B00C78VIUE,Sanus VLF410B1 10-Inch Super Slim Full-Motion Mount for 37 - 84 Inches TV's,Sanus
B002P9GP62,DENAQ - AC Adapter for TOSHIBA SATELLITE 1700 1710 1715 1730 1735 1750 1755 1955 3000 3005 A100 M30X M35X - Black,DENAQ
B00U0VEGRM,"DreamWave - Tremor Portable Bluetooth Speaker - Green,Black",DreamWave
B001AVRD62,NS-SP1800BL 5.1-Channel Home Theater System (Black),Yamaha
B00F9LIW5K,Universal Remote Control - 48-Device Universal Remote - Black,Universal Remote Control
B00TVFO08S,Acoustimass 6 Series V Home Theater Speaker System (Black),Bose
B00LF10KTO,Samsung - 850 PRO 512GB Internal SATA III Solid State Drive for Laptops,Samsung
B0134EW7G8,Corsair Vengeance LPX 16GB (2x8GB) DDR4 DRAM 3000MHz C15 Desktop Memory Kit - Black (CMK16GX4M2B3000C15),Corsair
B00UMP7TF2,Outdoor Tech Buckshot Pro Bluetooth Speaker,Outdoor Tech
B00LIL7YVI,Motorola Wi-Fi Pet Video Camera,Motorola
B07644ZS1D,Details About Samsung Gear Iconx 2018 Edition Cordfree Fitness Earbuds Black (us Version),Samsung
B008JJLZ7G,2TB Red 5400 rpm SATA III 3.5 Internal NAS HDD,WD
B0038NMC8O,"Details About Alpine 480w 6.5 2way Typee Coaxial Car Speakers W/ Silk Tweeters | Spe6000""",Alpine
B00KGGK1J8,Samsung Universal 3100mAh Portable External Battery Charger - White,Samsung
B0070UKBO8,Air-Fi Runaway AF32 Stereo Bluetooth Wireless Headphones with Hidden Microphone (Black and Red),MEE audio
B00CBF0VIS,"SpeakerCraft - 6-1/2 In-Ceiling Speakers (5-Pack) - White""",SpeakerCraft
B00U7RW0B8,"Kenwood KFC-1653MRW 6.5 2-way Marine Speakers Pair (White)""",Kenwood
B009WV8LC2,Panamax - 11-Outlet Surge Protector - Black,Panamax
B0168YIWSI,Microsoft Surface Pro 4 Type Cover with Fingerprint ID,Microsoft
B075WKS4D8,Ultimate Ears MEGABLAST Portable Wi-Fi/Bluetooth Speaker with hands-free Amazon Alexa voice control (waterproof) - Graphite Black,Ultimate Ears
B00020H2MM,Niles - SS-4 4-Pair Speaker Selector - Black,Niles
B00E63R4DI,"SpeakerCraft - Profile CRS6 Two 6-1/2 In-Ceiling Speaker (Each) - Black""",SpeakerCraft
B071RYZRJD,CORSAIR VENGEANCE RGB 16GB (2x8GB) DDR4 3200MHz C16 Desktop Memory - Black,Corsair
B002P9GN9Q,"DENAQ - AC Power Adapter and Charger for Select HP Omnibook, Pavilion and Presario Laptops - Black",DENAQ
B015CZ6DO4,SlideLITE Camera Strap SLL-1 (Black),Peak Design
B000YA33DC,Flipside 300 Backpack (Black),Lowepro
B0725FX4RF,"Samsung - 50 Class (49.5"" Diag.) - LED - 1080p - Smart - HDTV""",Samsung
B00WBS31OQ,iHome Rechargeable Splash Proof Stereo Bluetooth Speaker - Black (IBT33BC),"Sdi Technologies, Inc."
B0002KVQBA,Polk Audio - 50 W Woofer - Black,Polk Audio
B00505EZYW,Corsair CMSA8GX3M2A1066C7 Apple 8 GB Dual Channel Kit DDR3 1066 (PC3 8500) 204-Pin DDR3 Laptop SO-DIMM Memory 1.5V,Corsair
B000AMAUVC,ST640P Universal Tilt Wall Mount for 32 to 50 Displays,Peerless-AV
B013WQIDSY,Virtually Invisible 891 In-Wall Speakers (Pair),Bose
B06XYG978Z,AVR-X1400H 7.2-Channel Network A/V Receiver,Denon
B002P9DJKM,DENAQ - AC Power Adapter and Charger for Select Toshiba Satellite and Satellite Pro Laptops - Black,DENAQ
B009AEMB6I,Lenovo - AC Adapter for Select Lenovo Yoga Laptops - Black,Lenovo
B00H45LEU4,"Elite Screens - Spectrum Series 110 Motorized Projector Screen - Black""",Elite Screens
B079VBL6WV,Sony - SRS-XB21 Portable Bluetooth Speaker - Black,Sony
B00MCKBZF0,SB-2000 12 500W Subwoofer (Piano Gloss Black),SVS
B00KC8H9YK,"Kenwood - Road Series 6 x 8"" 2-Way Car Speakers with Paper Woofer Cones (Pair) - Black""",Kenwood
B077RG6SJP,"Hisense - 55 Class - LED - H9 Series - 2160p - Smart - 4K UHD TV with HDR""",Hisense
B00L1FLSKE,4TB Red 5400 rpm SATA III 3.5 Internal NAS HDD Retail Kit,WD
B00G3P9UMU,House of Marley Smile Jamaica In-Ear Earbuds,House of Marley
B004OVE61U,Details About Midland Wr120c Noaa Weather Alert Radio,Midland
B010FH2J9W,Marantz - 1400W 7.2-Ch. 4K Ultra HD and 3D Pass-Through A/V Home Theater Receiver - Black,Marantz
B00R5WGT2E,JVC KD-X320BTS Apple iPod and Android Digital Media Receiver with Bluetooth,JVC
B000COOC0I,Chief PDRUB Wall Mount for Flat Panel Display 42-71,Chief
B00155PSXS,PS200 A/V Component Shelf,Peerless-AV
B00KSVXVXO,Turtle Beach Ear Force Recon 320 7.1 Surround Sound Gaming Headset Pc Refurb,Turtle Beach
B005TI1HQO,AudioQuest - Golden Gate 9.8' RCA-to-RCA Audio Cable - Black/Red,AudioQuest
B009E6J1BU,Toshiba - 3TB Internal Serial ATA III Hard Drive for Desktops,Toshiba
B07B2WLS17,Logitech - G560 LIGHTSYNC 2.1 Bluetooth Gaming Speakers with Game Driven RGB Lighting (3-Piece) - Black,Logitech
B01429SJUM,Yamaha WX-030BL MusicCast Wireless Speaker with Wi-Fi and Bluetooth (Black),Yamaha
B06XSGYCHC,SiriusXM SXEZR1V1 XM Onyx EZR Satellite Radio Receiver with Vehicle Kit,Siriusxm
B012ASF1WQ,Details About *brand New* Pny Anarchy 16gb Kit (2x8gb) Ddr4 2400mhz Pc419200 Desktop Memory,Pny
B00V631478,"JBL - 6 x 8"" 2-Way Coaxial Car Speakers with Polypropylene Cones (Pair) - Black""",JBL
B073JLZ262,"Details About Samsung 24 Class Hd (720p) Smart Led Tv (un24m4500)""",Samsung
B079GVBLHW,WI-SP500 Wireless In-Ear Sports Headphones (Black),Sony
B00KZYOICM,"KICKER - KM 6.5 2-Way Coaxial Marine Speaker with Injection-Molded Polypropylene Cone (Pair) - Charcoal""",Kicker
B00R7PODYU,"SVS - 12 500W Powered Subwoofer - Gloss piano black""",SVS
B00GMPDAAO,YU2 Powered Desktop Speakers (Glossy Black),Kanto Living
B016A8NSX6,Yamaha - Micro Component System - White,Yamaha
B00006I53D,251 Outdoor Environmental Speakers (White),Bose
B000063570,"MTX - Dual 4 50W RMS Loudspeaker (Each) - Black""",MTX
B007QOIP3M,Sony Mini Digital Video Cassettes - DVC - 1 Hour,Sony
B0719LZMYG,Circle 2 2MP Wire-Free Network Camera with Night Vision,Logitech
B06XSDFMND,Samsung-3-Pack-Connect-Home-Smart-Wi-Fi-System-AC1300,Samsung
B01ETTL6LE,SRS-ZR7 Wireless Speaker,Sony
B0007M4W6E,T92UWH Portable Tripod Screen (45x80),Elite Screens
B01NB1IJ7J,SanDisk Extreme 500 Portable SSD 500GB SDSSDEXT-500G-G25,Sandisk
B00B7C07LC,"Power Acoustik - Gothic Series 10 Dual-Voice-Coil 2-Ohm Subwoofer - Black""",Power Acoustik
B00TS1AZJ8,Grind Headphones with Single-Button TapTech and Mic (Black),Skullcandy
B002O3W2SO,"MartinLogan - Dynamo 1000 12 1000-Watt Powered Subwoofer - Black""",MartinLogan
B073H552FJ,1TB T5 Portable Solid-State Drive (Black),Samsung
B00JPJ206E,sub6 100W 6 Active Subwoofer (Matte Gray),Kanto Living
B017LKVEBA,Pioneer Avh-x3800bhs 6.2 Double-DIN In-Dash DVD Receiver with Bluetooth,Pioneer
B017K605ZQ,WD - My Passport X 3TB External USB 3.0 Portable Hard Drive - Black,WD
B01M2TRTNL,Belkin F4U095tt Thunderbolt 3 Express Dock HD with 3.3-Foot Thunderbolt 3 Cable,Belkin
B0046AJJW0,ECON-S3T-DVD-BK 1-DVDROM TO 3-DVD+/-RW DL 24X TOWER STANDALONE,VINPOWER DIGITAL DIRECTSHIP
B01NBX1Q2T,"Dell - P2418HT 24 IPS LED FHD Touch-Screen Monitor - Black""",Dell
B0746NQ74K,Toshiba - 2.0-Channel Soundbar with 16-Watt Digital Amplifier - Black,Toshiba
B008YGI7WK,PELICAN - ProGear Case for Most Tablets - Black,PELICAN
B005TI0VMA,AudioQuest - GOLDG01R Golden Gate 1m (3.28 ft.) RCA Audio Cable - Red,AudioQuest
B0195XYZY4,"Lenovo - 300-20ISH 20 All-In-One - Intel Pentium - 4GB Memory - 500GB Hard Drive - Black""",Lenovo
B06XVDYHQX,XPS 8920 Tower Desktop Computer,Dell
B00PK2POOU,Leviathan Elite Gaming Soundbar,Razer
B071JSLFD9,Sony - Shake Audio System - Black,Sony
B0733VW5QB,"Details About Openbox Excellent: Alienware Aw2518h 25 Led Fhd Gsync Monitor Black""",Alienware
B01CEAT9ZU,Sony MEXM100BT 160W RMS Marine CD Receiver with Bluetooth (Black) and SiriusXM Ready,Sony
B06XZXCDQH,Sharp - 350W 5-Disc Mini Component System - Black,Sharp
B0031RGEVS,Olympus - Refurbished 14.0-Megapixel Digital Camera - Titanium,Olympus
B00FEKP83K,AudioQuest - Black Lab 26.2' In-Wall Subwoofer Cable - Black/White,AudioQuest
B00RZYD51A,House of Marley EM-DH003-PS TTR Noise-Cancelling Over-Ear Headphones (Black),House Of Marley
B073JHHNJ9,Details About Netgear Nighthawk A7000 (ac1900) Dualband Wifi Usb Adapter,Netgear
B00U3TQVGU,Adventura SH 140 II Shoulder Bag (Black),Lowepro
B00Z0UWV98,Details About Logitech G920 Xbox Driving Force Racing Wheel For Xbox One And Pc (941000121),Logitech
B071S9RFF6,Hisense 50H4D Roku 50-inch HD Smart DLED TV,Hisense
B00M17R1UM,Hoya - EVO 77mm Antistatic UV Super Multicoated Lens Filter - Gray,Hoya
B010Q29KRK,TP-Link AV500 2-port Powerline Starter Kit,TP-Link
B00OABT33A,Aeon 58.3 x 104.1 16:9 Fixed Frame Projection Screen with CineWhite Projection Surface,Elite Screens
B001J6N11E,Digipower - Dual Battery Charger - Gray,Digipower
B01L3J23L0,"CORSAIR - VOID Surround Hybrid Wired Stereo Gaming Headset for PC, PS4, Xbox One, Nintendo Switch, Mobile devices - Carbon",CORSAIR
B01AEW9E46,Everest Elite 700 Around-Ear Wireless Headphones (White),JBL
B06Y15DWXZ,Onkyo TX-8270 2 Channel Network Stereo Receiver with 4k HDMI,Onkyo
B00IWQ3YPC,Sony LBT-GPX555 Mini-System with Bluetooth and NFC,Sony
B004O9TEJG,M80UWH Manual Series Projection Screen (39.6 x 69.6),Elite Screens
B0742RMVQ8,Toshiba Micro Component Speaker System: Wireless Bluetooth Speaker Sound System with FM,Toshiba
B00PASUGTC,Prime Three-Way Center Channel Speaker (Premium Black Ash),SVS
B00L2EWRW2,"Kicker 41IK5BT2V2 Amphitheater High-Performance Audio System with Bluetooth, Black",Kicker
B06ZYRWSQY,Yamaha - AVENTAGE 7.2-Ch. 4K Ultra HD A/V Home Theater Receiver - Black,Yamaha
B00018Q4GA,NS-6490 Bookshelf Speaker (Pair),Yamaha
B00UMVVU8S,Details About Innovative Technology Itsbo358p Bluetooth Outdoor Rock Speaker Pair,Innovative Technology
B01A60SYDI,Leica DG Vario-Elmar 100-400mm f/4-6.3 ASPH. POWER O.I.S. Lens,Panasonic
B00Q3JB4MK,MH30 Foldable On-Ear Headphones (Brown/Silver),Master Dynamic
B0764L7RJ4,"Samsung - 49 Class - LED - Q6F Series - 2160p - Smart - 4K UHD TV with HDR""",Samsung
B00A0HZMEM,CORSAIR - AX760 760-Watt ATX Power Supply - Black,CORSAIR
B01LYRCIPG,Samsung - 960 Pro 1TB Internal PCI Express 3.0 x4 (NVMe 1.1) Solid State Drive,Samsung
B00N3RW64K,"Klipsch - Reference Soundbar with 10 Wireless Subwoofer - Black""",Klipsch
B072FG8LBV,Details About Microsoft Arc Mouse Bluetooth 4.0 Souris Wireless For Surface Windows 10,Microsoft
B002P8PZV4,DENAQ - 8-Cell Lithium-Ion Battery for Select HP Pavilion Laptops,DENAQ
B00006JQ62,SIMA SSW-6 1 x 6 Speaker Selector with Impedance Protection,Sima
B00009WCBT,Clarity - Super-Loud Phone Ringer - White,CLARITY-TELECOM
B01700RNIO,The Rebel BT On-Ear Wireless Bluetooth Headphones (Black),House of Marley
B005YXXS4I,CRX-322 CD Receiver,Yamaha
B00V5VJ3TM,Yamaha RX-V379BL 5.1-Channel AV Receiver (Black),Yamaha
B071J24FNY,NETGEAR AC1000 Dual Band Smart WiFi Router,Netgear
B072HRPC28,"LG - 75 Class - LED - UJ6470 Series - 2160p - Smart - 4K UHD TV with HDR""",LG
B01364B00K,Belkin Travel RockStar Surge Protector with 2 AC Outlets,Belkin Inc.
B0148NKOT6,Yamaha - MusicCast 5.1-Ch. 4K Ultra HD A/V Home Theater Receiver - Black,Yamaha
B00PASUPCA,"SVS - Prime Dual 5-1/4 Passive 3-Way Center-Channel Speaker - Gloss piano black""",SVS
B01MZE8HXN,"MSI - WS Series 15.6 Laptop - Intel Core i7 - 16GB Memory - 256GB Solid State Drive + 2TB Hard Drive - Aluminum Black""",MSI
B01MDOH1NO,"Lenovo - 510-23ISH 23 Touch-Screen All-In-One - Intel Core i5 - 8GB Memory - 2TB Hard Drive - Black""",Lenovo
B004FLJ0BK,"KEF - Dual 4-1/2 2-1/2-Way Center-Channel Speaker - Black""",KEF
B01N51R0GL,AfterShokz - Sportz Titanium with Mic Behind-the-Neck Headphones - Onyx Black,AfterShokz
B016M04QSS,Zubie - In-Car Wi-Fi and Vehicle Monitoring Device - Black,Zubie
B008MG5V80,ECOXGEAR ECOXBT Waterproof Bluetooth Speaker,ECOXGEAR
B0038NUFXS,"Alpine - 6 x 9"" 2-Way Coaxial Car Speakers with Polypropylene Cones (Pair) - Black""",Alpine
B000O3TFWW,NS-IW480CWH In-Ceiling 8 Natural Sound Three-Way Speaker System (Pair),Yamaha
B0762PQPYN,Ultimate Ears - BLAST Smart Portable Wi-Fi and Bluetooth Speaker with Amazon Alexa Voice Assistant - Blizzard,Ultimate Ears
B07573TWMD,"Alpine Electronics i207-WRA 7 Mech-Less Restyle Dash System with Apple Car Play and Android Auto for Jeep Wrangler (2007-2017)""",Alpine
B00DR8LA6U,Logitech Ultrathin Touch Mouse T630 for Windows 8 Touch Gestures,Logitech
B0030TWBP0,Panamax - 8-Outlet Power Conditioner/Surge Protector - Gray,PANAMX
B00MBUZ2DW,"Rand McNally 0528011715 IntelliRoute 7 TND 730 GPS Unit""",Rand McNally
B01DR4TD94,"Samsung 55 Class 4K (2160P) Smart LED TV (UN55KU7000)""",Samsung
B01AWGYE12,ZTE - Spro 2 Wireless Smart DLP Projector - Silver,ZTE
B075SMDHWC,TiVo - BOLT VOX 1TB DVR and Streaming Player - Black,TiVo
B0188WORDM,"Logitech Focus Case with Integrated Keyboard for iPad Mini 4, Dark Blue",Logitech
B00VUK4R08,Logitech Keys-To-Go Ultra-Portable Bluetooth Keyboard for Android and Windows,Logitech
B00RZURDSU,kenwood pkg-mr362bt marine cd receiver with bluetooth and 6.5 2 way speakers package,Kenwood
B00TQEX7AQ,TP-Link Archer T9E AC1900 Wireless WiFi PCIe network Adapter Card for PC,Tp-Link
B0001H9TGI,151 SE Outdoor Environmental Speakers (White),Bose
B0763X2JJC,JBL Everest 710 Silver Over-Ear Wireless Bluetooth Headphones (Silver),Jbl
B01M8OKROA,"Acer - 2-in-1 15.6 Refurbished Touch-Screen Laptop - Intel Core i7 - 12GB Memory - NVIDIA GeForce 940MX - 1TB Hard Drive - Steel gray""",Acer
B01B9HBP4C,"Acer Aspire E5-574-53QS 15.6 LED Notebook - Intel Core i5 (6th Gen) i5-6200U Dual-core (2 Core) 2.30 GHz - 4 GB DDR3L SDRAM RAM - 1 TB HDD - DVD-Writer - Intel HD Graphics 550 DDR3L SDRAM - Wind""",Acer
B010CI925I,Yamaha - 30W Desktop Audio System - Brick,Yamaha
B01645FHFC,Logitech Circle Black Portable Wifi Video Monitoring Camera Webcam,Logitech
B019ONOGQM,Yamaha - Micro Component System - Black,Yamaha
B00LF10KTE,Samsung - 850 PRO 1TB Internal SATA III Solid State Drive for Laptops,Samsung
B00V5Q1N1I,SanDisk - High Endurance 64GB microSDXC Memory Card,SanDisk
B0756KQGZT,Flyer Wireless Fitness Headphones (Nightfall Blue),Fitbit
B071ZVQVFQ,"Samsung - 40 Class (39.5"" Diag.) - LED - 1080p - Smart - HDTV""",Samsung
B01LYQ7H7B,Amps Air Bluetooth Wireless Earbuds (Rose Gold),SOL REPUBLIC
B01LWOKH7C,Details About Razer Kraken Pro V2 Analog Gaming Headset For Pc/xbox One/ps4 Black (p05),Razer
B01M586Y9R,Alpha a6500 Mirrorless Digital Camera (Body Only),Sony
B002NEGTSI,Canon EF 100mm f/2.8L IS USM Macro Lens for Canon Digital SLR Cameras,Canon
B00JPJ1YAC,"Kanto Living 8 Powered Subwoofer -Gloss White""",Kanto
B0035FZ12O,"MartinLogan Motion 6 Center Channel Speaker (Piano Black, each)",MartinLogan
B01C0J7L00,"Planet Audio - 6.2 - Bluetooth - In-Dash DVD Receiver - Black""",Planet Audio
B06Y54TK2B,XFX AMD Radeon RX 580 8GB GDDR5 PCI Express 3.0 Graphics Card,XFX
B0799NH2MP,IOGEAR Wireless Screen Sharing and MiraCast Kit (GWSSKIT),IOGEAR
B072R78B6Q,SanDisk - Ultra 500GB Internal SATA Solid State Drive for Laptops,SanDisk
B00LGZSTNI,Cerwin Vega - SL Series 2-Way Center-Channel Speaker - Black,Cerwin Vega
B01BDAYKEM,CybertronPC - Rhodium Desktop - AMD FX-Series - 16GB Memory - NVIDIA GeForce GTX 1050 - 2TB Hard Drive - Green,CybertronPC
B06XSMW4SC,"MSI - 15.6 Laptop - Intel Core i7 - 16GB Memory - NVIDIA GeForce GTX 1060 - 1TB Hard Drive + 256GB Solid State Drive - Black""",MSI
B017H10N0Q,Grace Digital - 50W 2.0-Ch. Amplifier - Black,Grace Digital
B00NNS5MNQ,G-Technology G-DRIVE USB 3.0 6TB External Hard Drive (0G03674),G-Technology
B00BWHILCY,"Ultimate Keyboard Case for iPad 2nd, 3rd, 4th Gen",Belkin
B01A71WMH0,"EcoJam Waterproof Bluetooth Speaker, Black",ECOXGEAR
B00381EP54,"Definitive Technology - Disappearing Dual 6-1/2 In-Wall Speaker (Each) - Black""",Definitive Technology
B01NAYL9H2,"Razer - Blade Pro 17.3 4K Ultra HD Touch-Screen Laptop - Intel Core i7 - 32GB Memory - NVIDIA GeForce GTX 1080 - 1TB SSD - Black""",Razer
B06XRQZ76D,Goal Zero Nomad 7 Plus Solar Panel,Goal Zero
B072J7PTFB,"Yamaha - 2.1-Channel Soundbar System with 6-1/2 Wireless Subwoofer and 200-Watt Digital Amplifier - Black""",Yamaha
B01D9LVL3G,Gear 360 Spherical VR Camera,Samsung
B00A34TU7W,Sennheiser - Earbud Headphones - Black,Sennheiser
B005KJH8WO,M.Zuiko Digital ED 40-150mm f/4-5.6 R Lens (Silver),Olympus
B079GPFLT1,Sony - WH-CH700N Wireless Noise Canceling Over-the-Ear Headphones - Black,Sony
B0186TTQUG,Kenwood KMM-BT315U Digital Media Receiver with Built-In Bluetooth (Black),Kenwood
B00GI2UR6Q,"AOC - 18.5 LED Monitor - Black""",AOC
B00ENZRQH8,Sony SELP18105G E PZ 18-105mm F4 G OSS,Sony
B071JNN1YB,27 iMac with Retina 5K Display (Mid 2017),Apple
B075322GR3,Logitech iPad Pro 12.9 inch Keyboard Case SLIM COMBO with Detachable,Logitech
B016NXEBU2,SiriusXM Commander Touch Full-Color,Siriusxm
B011SGHGT2,128GB iPod touch (Space Gray) (6th Generation),Apple
B011SHJ2X4,Apple iPod Touch 128GB Blue,Apple
B00N3RFC4Q,Logitech - Harmony Home Hub - Black,Logitech
B00J8740YI,Razer BlackShark Over Ear Noise Isolating PC Gaming Headset - Metal Construction and Compatible with PS4,Razer
B00HYH7HXA,V-MODA - Crossfade LP2 Vocal Limited Edition Over-the-Ear Headphones - Matte Black,V-MODA
B00XC4UQ46,Lumimuse 6 On-Camera LED Light (Black),Manfrotto
B00WF78GS4,Details About Aiwa Exos9 Portable Bluetooth Speaker,Aiwa
B002P9DHOU,DENAQ - AC Power Adapter and Charger for Select Dell Inspiron and Latitude Laptops - Black,DENAQ
B01JUFV0YK,DNA 15 Slim Messenger Bag (Graphite),Tenba
B013MCJ6BG,7.2CH AVR WITH WIFI _ BLUETOOTH 2 HDMI OUTPUTS 90 WATTS/CH.,DENON - HEOS
B016A8NSLI,MCR-B043 30W Bluetooth Wireless Music System (Red),Yamaha
B072Z9ZGSZ,AVR-X3400H 7.2-Channel Network A/V Receiver,Denon
B01MSZSJE9,HD 4.40 BT Wireless Bluetooth Headphones,Sennheiser
B016A8NSPO,Yamaha - Micro Component System - Blue,Yamaha
B075XGZ6GL,Details About Netgear 16 X 4 Docsis 3.0 Cable Modem Black,Netgear
B074XLS5X5,Sony - High Power XB60 Portable Bluetooth Speaker - Black,Sony
B01NCOOYYX,"Details About Alienware 13 R3 Aw13r3/13.3 Fhd/i77700hq/nvidia Gtx 1060/16gb/512gb Ssd""",Alienware
B01MATN5XL,Monster - iSport Achieve In-Ear Wireless Headphones - Green,Monster
B00020H2MW,Niles - 6-Pair Speaker Selector with Volume Control - Black,Niles
B079Y1VTW4,Under Armour Sport Wireless Flex Neckband In-Ear Headphones,JBL
B012ASB0WG,PNY Performance 8GB Kit (2x4GB) DDR3 1600MHz (PC3-12800) CL11 Desktop Memory - MD8GK2D31600NHS-Z,Pny
B002P9KR5W,DENAQ - AC Power Adapter and Charger for Select Toshiba Satellite Laptops - Black,DENAQ
B01LZ2SET7,CORSAIR - MM800 Polaris RGB Gaming Mouse Pad - Black,CORSAIR
B01N0BZWQP,Lenovo Yoga Mouse,Lenovo
B00FEKP6LY,AudioQuest - Black Lab 16.4' In-Wall Subwoofer Cable - Black/White,AudioQuest
B01N1N908J,JBL Under Armour Sport Wireless Heart Rate In-Ear Headphones Black,JBL
B076B11R86,JBL - Free True Wireless In-Ear Headphones - Black,JBL
B06ZZMVT8M,Pioneer - Elite 7.2-Ch. Hi-Res 4K Ultra HD HDR Compatible A/V Home Theater Receiver - Black,Pioneer
B00337TK2Q,"MTX Audio - MTX 8 225W 2-way Speaker (Each) - Black""",MTX Audio
B013WQIDR0,Bose® - Virtually Invisible® 591 In-Ceiling Speakers (Pair) - White,Bose®
B013UCJFSW,Grace Digital - 100W 2.0-Ch. Amplifier - Black,Grace Digital
B009F1HUMQ,22 Widescreen Full HD 1080p LED Monitor,ViewSonic
B00VAJBG8A,Motorola FOCUS85-B Wi-Fi HD Home Monitoring Camera with Remote Pan,Motorola Home
B00TB8XNEC,My Cloud Expert Series EX4100 24TB 4-Bay NAS Server (4 x 6TB),WD
B004GBFVA8,65 Ultra-Light Carbon Fiber Tripod with Ball Head (Black),Polaroid
B074NG842Z,"Samsung - 49 Class - LED - MU6290 Series - 2160p - Smart - 4K Ultra HD TV with HDR""",Samsung
B00H7RB29W,Skeleton Housing for HERO3 / HERO3+ / HERO4,GoPro
B06XYD1RZ3,AVR-S530BT 5.2-Channel A/V Receiver,Denon
B003D7JSUK,Sonax PM-2200 Wall Mount Stand for 28-Inch to 50-Inch TV,Sonax
B06ZXY5XMW,CORSAIR - VENGEANCE RGB Series 32GB (4PK 8GB) 3.466GHz DDR4 Desktop Memory with RGB Lighting - Black,Corsair
B01IMVU5MG,Memorex CD/Cassette Recorder Boombox MP3 AM/FM FlexBeats MP3262 with Aux line in jack - Black,Memorex
B072Z5C9Y7,Marantz - SR 9.2-Ch. Hi-Res With HEOS 4K Ultra HD A/V Home Theater Receiver - Black,Marantz
B076HP574T,Sennheiser - HD 660 S Over-the-Ear Headphones - Matte Black and Anthracite,Sennheiser
B00JPDMXE4,SL-15 Floorstanding Speaker,Cerwin-Vega
B0787JFGWM,Hauppauge - WinTV-dualHD Cordcutter - Black,Hauppauge
B00141CTQ2,"Yamaha - Natural Sound 5 2-Way All-Weather Outdoor Speakers (Pair) - White""",Yamaha
B01NBI4DHP,Amps Air Bluetooth Wireless Earbuds (Rich Teal),SOL REPUBLIC
B01NBI3UJ4,Amps Air Bluetooth Wireless Earbuds (Deep Blue),SOL REPUBLIC
B01MR0UGFN,Kicker Bullfrog Jump - Green/Black (43BF400) Outdoor Waterproof Bluetooth Speaker W/ FM Tuner and 20 Hour Battery life,Kicker
B00Y3KXXUW,Boytone - Portable Bluetooth Speaker - Blue,Boytone
B01M7R0U2S,"SunBriteTV - Signature Series - 43 Class - LED - Outdoor - Partial Sun - 2160p - 4K UHD TV with HDR""",SunBriteTV
B074XLN4GS,GTK-XB90 Bluetooth Speaker,Sony
B01D9MFL9A,Onkyo TXNR757 7.2 Channel Wireless A/V Receiver w/ HDCP2.2/HDR DTS _ Bluetooth,Onkyo
B00PAZ07GC,Vectros Bumper for 13 MacBook Pro Retina (Black),Thule
B01F3ENAOU,Onkyo - 5.1-Ch. Home Theater System - Black,Onkyo
B06XY6DJV7,RX-V583 7.2-Channel Network A/V Receiver,Yamaha
B017Y5W0G0,Kenwood CD Single DIN In-Dash Bluetooth Car Stereo Receiver KDC-BT365U,Kenwood
B00OAS2OQG,"Alpine - 9 - Built-In GPS - CD/DVD - Built-In Bluetooth - Built-In HD Radio - In-Dash Deck - Black""",Alpine
B00M0FG00W,Panamax - 8-Outlet Power Conditioner/Surge Protector - Black,Panamax
B008NCD2EI,SP-C22 Andrew Jones Designed Center Channel Speaker,Pioneer
B06X9VSZYM,MU8000-Series 65-Class HDR UHD Smart LED TV,Samsung
B01LA0R2X6,CORSAIR - HD Series 120mm Case Cooling Fan Kit with RGB lighting,CORSAIR
B01LXS4TYB,Samsung - 960 PRO 512GB Internal PCI Express 3.0 x4 (NVMe) Solid State Drive for Laptops,Samsung
B00B7IDCVS,"MartinLogan - Helos 22 6-1/2 In-Ceiling Speaker (Each) - Paintable White""",MartinLogan
B00OOXCMPK,Definitive Technology - 300W 2.0-Ch. Wireless Amplifier - Black,Definitive Technology
B076F94VK9,JBL Inspire 700 In-Ear Wireless Sport Headphones with Charging Case (Black),Jbl
B006TVQU6C,One System Cabinet,Antec
B0111MRL4S,NETGEAR Nighthawk AC1900 VDSL/ADSL Modem Router Certified with CenturyLink - Non-bonded,NETGEAR
B01HKF3T8C,CORSAIR - VENGEANCE LED Series 16GB (2PK 8GB) 3.0GHz DDR4 Desktop Memory with LED Lighting - Black,CORSAIR
B01LW9P83Z,Alpine Electronics PWE-S8-WRA Powered Subwoofer for 2011-Up Jeep Wrangler,Alpine
B075SL6N8H,TiVo - BOLT VOX 3TB DVR and Streaming Player - Black,TiVo
B073JP6WK4,"Samsung - 32 Class (31.5"" Diag.) - LED - 720p - Smart - HDTV""",Samsung
B015ZRJ8NW,Apple MD825AM/A Lightning to VGA Adapter for iPhones,Apple
B00F6PRSMW,Bowers and Wilkins - P7 Over-the-Ear Headphones - Black,Bowers & Wilkins
B01EMQI2CU,R-S202 Stereo Receiver with Bluetooth (Black),Yamaha
B00VNH98IY,Sony STR DN860 7.2 Channel 165 Watt Receiver,Sony
B014R2BHBM,E100 1080p Dash Camera,GEKO
B06Y1SQFV3,Virgin Mobile - LG Stylo™ 3 4G LTE with 16GB Memory Prepaid Cell Phone - Gray,Virgin Mobile
B06XD4QHQB,"Sony - 55 Class - OLED - A1E Series - 2160p - Smart - 4K UHD TV with HDR""",Sony
B074G917W1,S-View Flip Cover for Galaxy Note 8 (Orchid Gray),Samsung
B00D2LGRLK,CORSAIR - Vengeance Pro Series 16GB (2PK x 8GB) 1.6 GHz DDR3 DIMM Desktop Memory Kit - Multi,CORSAIR
B00GMPDAHM,YU2 Powered Desktop Speakers (Matte Black),Kanto Living
B01N5I1WF9,"Details About Alienware 15 R3 Aw15r3/15.6 Fhd/i77700hq/nvidia Gtx1070/16gb/1tb Hdd+128gb Ssd""",Alienware
B071FJ4NFF,Wacom CS610PK Bamboo Sketch,Wacom
B01BESR5KO,Sony - G Master FE 85 mm F1.4 GM Full-Frame E-Mount Mid-range Telephoto Lens - Black,Sony
B000AM0WB0,Sanus - VisionMount Universal Projector Ceiling Mount - Black,Sanus
B016CYV6AU,Leef Liacmwk000e1 iAccess iOS microSD Card Reader,Leef
B075KMZ4MX,Details About Razer Cynosa Chroma Rgb Gaming Keyboard Spillresistant Durable Design,Razer
B06WLGFWGX,Sony SEL85F18 85mm F/1.8-22 Medium-Telephoto Fixed Prime Camera Lens,Sony
B078RV3RKS,Logitech - Harmony 665 10-Device Universal Remote - Black,Logitech
B01BXDYYIQ,"kate spade new york - Glitter Sleeve for 13 Apple® MacBook® - Rose Gold""",kate spade new york
B01N9SSQ9E,"Details About Razer Blade Laptop 14 Full Hd (i77700hq""",Razer
B00A39PPCG,V-MODA - CROSSFADE M-100 Over-the-Ear Headphones - Shadow,V-MODA
B0085IWXB8,CORSAIR - Vengeance 16 GB (2PK x 8GB) 1.6 GHz DDR3 DIMM Desktop Memory Kit - Multi,CORSAIR
B00CKWOTF8,Alpine CDESXM145BT Advanced Bluetooth CD / SiriusXM Receiver,Alpine
B072QGJNVC,"12 MacBook (Mid 2017, Gold)",Apple
B073JYHTV6,"LG - 28 Class (27.5"" Diag.) - LED - 720p - HDTV""",LG
B0195XZJ9E,Seagate Backup Plus Ultra Slim 2TB Portable External Hard Drive,Seagate
B06ZYB7TZ1,XFX - AMD Radeon RX 580 GTR XXX Edition 8GB GDDR5 PCI Express 3.0 Graphics Card - Black/White,XFX
B01N5K2PUU,"Insignia 47 - 80"" Full Motion TV Wall Mount""",Insignia
B000P9VHOO,StarTech - 2 Port PCI IDE Controller Adapter Card - Green,StarTech
B017AED6TA,Epson EX5250 Pro Wireless Business Projector,Epson
B01A71WJ5K,ECOXGEAR - SolJam Portable Bluetooth Speaker - Black,ECOXGEAR
B00JPJ20EQ,"Kanto - sub6 6 80W Powered Subwoofer - Gloss Black""",Kanto
B0134EW44S,CORSAIR - Vengeance LPX 32GB (2PK x 16GB) 2.6 GHz DDR4 DRAM Desktop Memory Kit - Black,CORSAIR
B000AUFOXI,Niles - OS5.3 2-Way Indoor/Outdoor Speakers (Pair) - Black/White,Niles
B00M0SQM2U,Reference R-10B 250W 2.1-Channel Soundbar Speaker System (Black),Klipsch
B06WGPNGC2,"Dell - XPS 2-in-1 13.3 Touch-Screen Laptop - Intel Core i7 - 16GB Memory - 256GB Solid State Drive - Silver""",Dell
B00ZYCNH5O,Klipsch AW-4i In-Ear Headphones,Klipsch
B01N6SKK1G,Next-Generation ARRIS SURFboard SB8200 DOCSIS 3.1 Cable Modem - Retail Packaging- White,Arris
B075NY1N3V,"Sony - 6.4 - Android Auto/Apple CarPlay™ with SiriusXM Tuner - Built-in Bluetooth - In-Dash DVD/DM Receiver - Black""",Sony
B00BPATVEA,"Dual - 10 Single-Voice-Coil 4-Ohm Subwoofer with Enclosure - Black/Silver""",Dual
B00MXUCRG0,A-S501 Integrated Amplifier (Black),Yamaha
B00GY0UB54,Silicondust HDHomeRun-HD-Television-Tuner,Silicondust
B000V7H1FO,"Yamaha - 6-1/2 130-Watt Powered Subwoofer - Black""",Yamaha
B00YAE9DXM,Samsung J1 (Verizon LTE Prepaid),Samsung
B075R6MC4M,J5202-Series 43-Class Full HD Smart LED TV,Samsung
B01N4TQ7O4,"LG - 65 Class - LED - SJ8500 Series - 2160p - Smart - 4K UHD TV with HDR""",LG
B01M3MMFA5,VXi - BlueParrott B450-XT Bluetooth Headset - Black,VXi
B01N7DQ0L6,NVIDIA - SHIELD Wireless Controller - Black,NVIDIA
B0000CFYOL,Sanus - Speaker Stands (Pair) - Black,Sanus
B074T8F5D9,ASUS VivoBook Max X541SA 15.6Inch Laptop Intel Pentium 4GB Memory 500GB HD Matte IMR X541SA-PD0703X,ASUS
B0170JCALK,j5create - VGA to HDMI Video adapter - White,j5create
B000HMLP5A,SKW-204 10 230W Powered Subwoofer,Onkyo
B01IS5WOH0,Insignia NS-HDRAD2 Tabletop HD Radio,Insignia
B0719462ZV,Sharp - 5-Disc Micro System - Black,Sharp
B018TEVTJO,Apple - Pre-Owned iPad mini 4 - 16GB - Space gray,Apple
B00NIZ3DB2,JBL Cinema SB350 Soundbar System,JBL
B00A39PPDK,V-MODA - CROSSFADE M-100 Over-the-Ear Headphones - Black,V-MODA
B00X409PQS,Lumix DMC-G7 Mirrorless Micro Four Thirds Digital Camera with 14-42mm Lens and Accessory Kit (Black),Panasonic
B004FEEY9A,SENNHEISER HD 558 Over Ear Headphones HD558 - AUTHORIZED DEALER,Sennheiser
B01BY7YPBC,Yamaha - 725W 5.1-Ch. Network-Ready 4K Ultra HD and 3D Pass-Through A/V Home Theater Receiver - Black,Yamaha
B01KT0PNVQ,Details About Zmodo Greet Wifi Video Doorbell W/ Zmodo Beam Smart Home Hub And Wifi Extender,Zmodo
B01MSD6RNP,XB550AP EXTRA BASS Headphones (Black),Sony
B01DOL05OC,1TB WD Black Mobile OEM Hard Drive (WD10JPLX),WD
B014M8JXT4,Escort Passport X70 Long Range Smartphone Live App Enabled Laser Radar Detector,Escort
B00CMKOVMO,e1659Fwu 16 Widescreen USB 3.1 Gen 1 Powered LED Backlit LCD Monitor,AOC
B013X8YJ3Y,TiVo BOLT 1TB Unified Entertainment System 4K DVR Media Player - White TCD849000,Tivo
B00093J07C,RODE - NTG1 Condenser Shotgun Microphone,RODE
B071YR4729,VIRB 360 Action Camera,Garmin
B01M3VIMV9,AudioQuest NightOwl Carbon Closed-Back Around-the-Ear Headphones,Audioquest
B0073HCWO0,AudioQuest - RJE Vodka 2.5' Ethernet Cable - Black/Blue,AudioQuest
B01J4PR2A2,Details About Incipio Mods Offgrid Power Pack Battery For Motorola Moto Z Force Z2 Black New,Incipio
B0145L65S0,JBL Flip 3 Splashproof Portable Bluetooth Speaker (Teal),JBL
B000Q87LM6,"ELECTRIC125H Spectrum Motorized Projection Screen (61 x 109, 110V, 60Hz)",Elite Screens
B072K3MDT7,SRS-XB40 Bluetooth Speaker (Blue),Sony
B01LYFKX41,Samsung - 960 EVO 250GB Internal PCI Express 3.0 x4 (NVMe) Solid State Drive for Laptops,Samsung
B00LVA3NMU,StarTech.com - DVI Dual-Monitor USB 3.0 Docking Station - Black / Silver,StarTech.com
B01GUY5KYA,Apple iPhone SE Gold 16GB for Sprint ( MLY92LL/A ),Apple
B01MAVWLED,"Lenovo - Yoga 710 2-in-1 11.6 Touch-Screen Laptop - Intel Core i5 - 8GB Memory - 128GB Solid State Drive - Silver Tablet PC Notebook 80V6000PUS""",Lenovo
B01610F3KY,Verizon LG Transpyre 4G LTE Prepaid Smartphone,LG
B076HCWGQH,"Sylvania SDVD7078 7 Portable DVD Player with Swivel Screen (Certified Refurbished)""",Sylvania
B01MAWIFQP,Veranda Series 55-Class UHD Outdoor LED TV,SunBriteTV
B00DOP3GQS,PDWM1904 Single-Channel Wireless System with Headset Lavalier Microphones,Pyle Pro
B075QXWNVG,JBL Everest 310 On-Ear Wireless Bluetooth Headphones (Gun Metal),Jbl
B01N2OOJY8,AfterShokz Sportz Titanium Open Ear Wired Bone Conduction Headphones,Aftershokz
B06XFW7R7W,MEE audio X7 Stereo Bluetooth Wireless Sports In-Ear Headphones Blue (EP-X7-BLBK-MEE),Mee Audio
B00472OBBQ,EF-610 DG ST Flash for Sony/Minolta Cameras,Sigma
B01M12RE4A,NETGEAR Nighthawk X10 AD7200 802.11ac/ad Quad-Stream WiFi Router,Netgear
B014D7Y1XC,Epson PowerLite 740HD LCD Projector - 720p - HDTV - 16:10 V11H764020,Epson
B01JB2483W,mophie powerstation Plus Mini External Battery with Built in Cables for Smartphones and Tablets (4,mophie
B071KGTRG8,Samsung - Galaxy J7 4G LTE with 16GB Memory Cell Phone (Unlocked) - Black,Samsung
B01DPRYSQQ,HT-XT2 170W 2.1-Channel TV Speaker Base (Black),Sony
B01N6FX5M2,Sol Republic - Amps Air True Wireless In-Ear Headphones - Black,Sol Republic
B01I7TTI3A,Lenovo - YOGA Wireless Optical Mouse - Black,Lenovo
B01C4AB804,Photo Hatchback Series BP 150 AW II Backpack (Black/Gray),Lowepro
B071XTXXSR,AVENTAGE RX-A1070 7.2-Channel Network A/V Receiver,Yamaha
B005TI1BM4,AudioQuest - Golden Gate 6.6' Analog RCA Cable - Red,AudioQuest
B016A8NSG8,MCR-B043 30W Bluetooth Wireless Music System (Black),Yamaha
B0719FQJ3B,Signature Series 43-Class UHD Outdoor LED TV (Black),SunBriteTV
B007QQ4638,Phantom 410 Mid-Tower Case (Gunmetal),NZXT
B0027VT7YA,"Disappearing Series DI 5.5S 2-Way Speaker (Single, 5.25 Driver)",Definitive Technology
B00007M1U1,"MTX - Monitor Series Dual 6-1/2 200W 2-way Center-Channel Speaker (Each) - Black""",MTX
B009F8Y7BQ,"SVS - 12 800W Powered Subwoofer - Gloss piano black""",SVS
B07621PNWC,SanDisk - 120GB Internal SATA Solid State Drive for Laptops,SanDisk
B06XYGK2NZ,Marantz - NR 250W 5.2-Ch. Hi-Res With HEOS 4K Ultra HD A/V Home Theater Receiver - Black,Marantz
B001M4HF3S,Visidec - Focus Double Swing Arm Mount - Polished Silver,Visidec
B00N30M2DW,A-S801 Integrated Amplifier (Silver),Yamaha
B01LTHXA7C,"15.4 MacBook Pro with Touch Bar (Late 2016, Space Gray)",Apple
B01ASAIF8U,Master and Dynamic - MW60 Over-the-Ear Wireless Headphones - Silver Metal/Brown Leather,Master & Dynamic
B01G5I6MSE,CORSAIR - ML Series 140mm Case Cooling Fan - White,CORSAIR
B00SJ4INFI,RS 195 Digital Wireless Headphone System,Sennheiser
B00NI3CSIS,"LP-E6N Lithium-Ion Battery Pack (7.2V, 1865mAh)",Canon
B00ZZ4HX1K,Details About Zmodo Hd Wifi Home Security Camera Twoway Audio Motion Detection Cloud Service,Zmodo
B01BESQYJW,24-70mm f/2.8 GM Lens and 82mm Circular Polarizer Filter Kit,Sony
B06XXR6JK3,Yamaha RX-V383BL 5.1-Channel 4K Ultra HD AV Receiver with Bluetooth,Yamaha
B01KW3KQYE,"Sanus Tilt TV Wall Mount for 46 - 90"" - Bracket fits most LED""",Sanus
B00P7TQQZM,Rugged Book Keyboard and Case for iPad Air 2,ZAGG
B00BIR2GO2,Cyber-shot DSC-WX220 Digital Camera (Black),Sony
B06XSWKGZP,SiriusXM SXEZR1H1 XM Onyx EZR Satellite Radio with Free 3 Months Satellite and Streaming Service,Siriusxm
B00OWAZUB8,Silencio 352 microATX Case (Black),Cooler Master
B01N6Y18ZM,SanDisk Ultra II 500GB SATA III SSD - 2.5-Inch 7mm Height Solid State Drive - SDSSDHII-500G-G25,Sandisk
B0010KAJIM,PYLE - Amplifier - Black,PYLE
B01LA2LB7W,Crystal 460X RGB Mid-Tower Case,Corsair
B01J5P98SK,Details About Anker Powercore 20000 Qc 3.0 Black A1272h11,Anker
B00FJECGRC,"Lightning Charge and Sync Cable, Black",Retrak
B011SH9O1O,128GB iPod touch (Gold) (6th Generation),Apple
B01NC0727L,"Refurbished Samsung Curved 65 4K (2160P) Smart QLED TV (2017 Model) + 1 Year Extended Warranty (QN65Q7CAMFXZA)""",Samsung
B00ZY7UGV2,AS-5i Pro Sport Earphones (Blue),Klipsch
B076CTK55W,WD 4TB My Cloud Home Personal Cloud Storage - WDBVXC0040HWT-NESN,Western Digital
B008NCD2S4,SP-FS52 Andrew Jones Designed Floorstanding Loudspeaker,Pioneer
B00U90HMUC,Kenwood KDC-HD262U CD Receiver with Built-in HD Radio,Kenwood
B074KCPQQV,Sony - WF 1000X True Wireless In-Ear Noise Canceling Headphones - Black,Sony
B01N6JQS8C,Details About Kingston A400 Ssd 120gb Sata Iii 2.5” Internal Solid State Drive Sa400s37/120g,Kingston
B01NCOOFGO,HP ENVY 34-b010 34-inch Curved All-in-One Computer (Intel Core i7-7700T,Intel
B0781Z7Y3S,Samsung 860 EVO 500GB 2.5 Inch SATA III Internal SSD (MZ-76E500B/AM),Samsung
B01CT6VI0S,Universal Projector Mount with 3 Extension Column,Epson
B00BGRML08,KICKER - FrontRow 6-Channel Digital Signal Processor - Black,KICKER
B01MRBT8CV,XBR-X850E-Series 75-Class HDR UHD Smart LED TV,Sony
B01M7VNH02,Victrola - Bluetooth Stereo Turntable - Map,Victrola
B016YGMH9U,SteelSeries Siberia 800 Lag-Free Wireless Gaming Headset with OLED Transmitter and Dolby 7.1 Surround Sound,Steelseries
B019MRBKYG,CORSAIR - VENGEANCE Series 16GB (2PK 8GB) 2.4GHz DDR4 Laptop Memory - Black,CORSAIR
B079HL9YSF,"Intuos Creative Pen Tablet (Small, Black)",Wacom
B01DPS4QQ2,Razer ManO'War Wireless 7.1 Surround Sound Gaming Headset (Black) Man O War READ,Razer
B0748N6796,CORSAIR - VOID PRO RGB Wireless Dolby 7.1-Channel Surround Sound Gaming Heads...,Corsair
B074G2HQLK,Details About Samsung Gear Fit2 Pro Fitness Smartwatch Red,Samsung
B00CIHAIU0,Get Up Stand Bluetooth Home Audio System,House of Marley
B019EXSSBG,CORSAIR HYDRO SERIES H100i v2 AIO Liquid CPU Cooler,Corsair
B00P6TWKUS,R120WH2 ezFrame 2 58.7 x 104.7 Fixed Frame Projection Screen,Elite Screens
B019Q895GQ,h.ear go Wireless Speaker (Viridian Blue),Sony
B00X140B06,Sony - SF-UY2 Series 64GB SDXC UHS-I Memory Card,Sony
B005SOZJJK,"Definitive Technology - SuperCube 4000 8 1200-Watt Powered Subwoofer - Black""",Definitive Technology
B072NCV4ZD,CORSAIR - VENGEANCE LED Series 16GB (2PK 8GB) 2.4GHz DDR4 Desktop Memory with LED Lighting - Black,CORSAIR
B06XYHDX83,Denon - 1295W 7.2-Ch. Hi-Res With HEOS 4K Ultra HD A/V Home Theater Receiver - Black,Denon
B00X140GW4,"64GB High Speed microSDXC UHS-I Memory Card (Class 10, U3)",Sony
B00JR21DDU,"MartinLogan - Axis 5-1/4 2-1/2-Way In-Wall Speaker (Each) - Paintable White""",MartinLogan
B003FVN2ZQ,Russound - Acclaim 5 Series 100W 2-Way Indoor/Outdoor Speakers (Pair) - Black,Russound
B0073GLGOS,AudioQuest - RJE Cinnamon 2.5' Ethernet Cable - Black/Red,AudioQuest
B01798WKTY,Razer Naga Chroma MMO Gaming Mouse 12 Programmable Thumb Buttons 16000 DPI Wired,Razer
B00RVGXZBM,"Details About Garmin Dezl 770lmthd 7 Gps With Lifetime Maps & Hd Traffic Updates""",Garmin
B00NF5EQDY,Details About Fits Chevy Silverado Pickup 19992006 Speaker Upgrade Pioneer Tsg1345r Tsg4620s,Pioneer
B00009WBYI,"Bic America Rtr1530 15 Rtr Series 3-way Tower Speaker""",BIC America
B00KHRYRLY,480GB Extreme Pro Solid State Drive,SanDisk
B00I4D2YBI,"Kicker DSC44 4 D-Series 2-Way Car Speakers with 1/2"" Tweeters""",Kicker
B00O8MULHI,"JBL - 6-1/2 2-Way Coaxial Car Speakers with Polypropylene Cones (Pair) - Black""",JBL
B01N05SJHF,"Insignia™ - Battery Charger for Acer, HP and Samsung Chromebooks - Black",Insignia™
B071P6KQZH,Optoma - UHD60 4K DLP Projector with High Dynamic Range - White,Optoma
B074WC9YKL,JOBY GorillaPod 3K Kit. Compact Tripod 3K Stand and Ballhead 3K for Compact Mirrorless Cameras or devices up to 3K (6.6lbs). Black/Charcoal.,Joby
B006EB6L0M,SeeThru Hard Shell Case for 13 MacBook Pro (Clear),Speck
B06XDGWKSB,Details About Arris Surfboard Svg2482ac Docsis 3.0 Cable Modem Wifi Router Xfinity Voice Voip,Arris
B002P9DFRY,DENAQ - AC Adapter for SONY PCG Series; PCG-XR1 PCG-XR7 PCG-XR9 PCG-Z505GAM PCG-Z505JEK PCG-Z505NR PCG-381L - Black,DENAQ
B000TDEMLG,Definitive Technology - Mythos 2-way 175 W Speaker - Pack of 1 - Black,Definitive Technology
B071FFFRXM,Details About Sony Kd43x720e 43inch 4k Ultra Hd Smart Led Tv (2017 Model) Kd43x720e,Sony
B00MKJ69JU,Alpine - Rear View Camera - Black,Alpine
B00SL2ZYFU,Sennheiser Momentum 2.0 for Samsung Galaxy - Black,Sennheiser
B01NAYKWR9,RE270K AC750 Wi-Fi Range Extender with Smart Plug,TP-Link
B01H33VQDG,Details About Wd Red Pro 8tb Nas Desktop Hard Drive Intellipower 6 Gbs 128 Mb Cache Wd8001ffwx,Western Digital
B00SU3XOI4,BRAVEN BRV-HD Wireless Bluetooth Speaker [28 Hour Playtime][Water Resistant] Built-In 8800 mAh Power Bank Charger - Black,Braven
B016GNX30S,Aluratek AIRMM03F Wi-Fi Internet Radio Streaming Pandora,Aluratek
B00VWVZ0V0,Dell DW316 External USB Slim DVD R/W Optical Drive 429-AAUX,Dell
B008OUL1OC,Air-Fi Runaway AF32 Stereo Bluetooth Wireless Headphones with Hidden Microphone (Black),MEE audio
B00U78GFWW,Sony HTST9 Soundbar with Wireless Subwoofer Bluetooth and Google Cast,Sony
B01KUAMCWI,Details About Logitech G403 Prodigy Wireless Gaming Mouse,Logitech
B010KJZDM0,Ecoxgear Ecocarbon Bluetooth Waterproof Speaker (black),ECOXGEAR
B019XRK69K,"JVC KW-V220BT DVD/CD/USB Receiver with Bluetooth and 6.2 Touchscreen""",JVC
B06XY7F6MJ,Marantz - NR 350W 7.2-Ch. Hi-Res With HEOS 4K Ultra HD A/V Home Theater Receiver - Black,Marantz
B01936N73I,Expert Mouse Wireless Trackball,Kensington
B00871XF3S,Alpine KTP-445U Universal Power Pack Amplifier for Use w/ Aftermarket Head Units,Alpine
B00TIBFEIA,TiVo Mini Receiver,Tivo
B00BCA41D4,OC100T Tilt Mount for 23 to 42 TVs (Black),OmniMount
B01N7WMKJT,17.3 WE72 7RJ Mobile Workstation,MSI
B00FSW5HB2,Energizer Nikon D5100/3100 Battery Grip,Bower
B00GS8E2VQ,Mini Solar Cell Phone Charger,Secur
B013JPKT9O,Toshiba - 2TB Internal SATA Hard Drive for Desktops,Toshiba
B01N4NVMKR,Pioneer - XDP-300R 32GB* Video MP3 Player - Black,Pioneer
B073HC1BTP,Rand McNally 7 Connected Car Tablet Overdryve 7c,Rand McNally
B00J8SN3D6,Cerwin Vega - SL Series 2-Way Center-Channel Loudspeaker - Black,Cerwin Vega
B0000695AT,Sima - Multi-Zone Speaker Selectors with Volume Controls - Black,Sima
B00UNDESC0,iHome iBN43BC Bluetooth Stereo Dual Alarm FM Clock Radio and Speakerphone with USB Charging,Sound Design
B00J92ZYJM,"Lowepro Dashpoint AVC 1, Blue",Lowepro
B01MF9W0GU,"Sony XAV-AX100 6.4 Car Play/Android Auto Media Receiver with Bluetooth""",Sony
B072FRV68G,Details About Sony Kd70x690e 70inch 4k Ultra Hd Smart Led Tv (2017 Model),Sony
B01ATFIHSM,GoSafe S30 1080p Dash Cam,Papago
B01HTAPPJE,Details About Netgear Modem Vdsl/adsl Broadband High Speed Dsl Dm200 Verizon At&t Used!,Netgear
B01G6BIN8C,"Mevo Live Event Camera Kit with Mevo Boost, Stand Case (Black)",Mevo
B01LXAYO14,Sideclick - Universal Remote Attachment for Roku® Streaming Players - Black,Sideclick
B00XWIVTXY,Sharp - 50W Executive Hi-Fi Component System - Black,Sharp
B01FWIEIRU,VPL-HW45ES Full HD Home Theater Projector (Black),Sony
B009KY58FE,HP - Bluetooth Laser Mouse - Black,PNY
B000YTRFEG,"ELECTRIC100H Spectrum Motorized Projection Screen (49 x 87, 110V, 60Hz)",Elite Screens
B00BFO4XSA,X6D X105-RF-X1-BBY Rechargeable Active RF/Bluetooth 3D Glasses Full HD,X6D
B00OM40K1Y,Samsung - Adaptive Fast Charging Wall Charger - White,Samsung
B01429SJL6,"MusicCast Wireless Speaker, White",Yamaha
B01DP5JHHI,AudioQuest - DragonFly Black USB DAC and Headphone Amp v1.5 - Black,AudioQuest
B000JC5T82,Sunpak - Universal Travel Power Adapter for Select Electronic Devices - White,Sunpak
B00RVKNOQ4,"Monster SuperStar BackFloat High-Definition Bluetooth Speaker, Neon Green",Monster
B01FTX7LU4,Diamond GC1500 HD Video Capture/Game Box Recorder for Windows,Diamond Multimedia
B073MFQZCK,Sennheiser CX 7.00BT Wireless In-Ear Headphone,Sennheiser
B079Y5D9TH,JBL Reflect Contour 2 Wireless Sport In-Ear Headphones with Three-Button Remote and Microphone (Blue),JBL
B01N1862SW,SanDisk Ultra II 1TB SATA III SSD - 2.5-Inch 7mm Height Solid State Drive - SDSSDHII-1T00-G25,SanDisk
B07B5FR99H,"Samsung - 55 Class - LED - Q8F Series - 2160p - Smart - 4K UHD TV with HDR""",Samsung
B078GWPQRB,X900F-Series 55-Class HDR UHD Smart LED TV,Sony
B00J38NVHE,Samsung SNH-P6410BN SmartCam HD Pro 1080p WiFi IP Camera,Samsung
B0053T4PHC,Bose® - Companion® 20 Multimedia Speaker System (2-Piece) - White,Bose®
B072KPG9PN,Samsung - Galaxy J3 4G LTE with 16GB Memory Cell Phone (Unlocked) - Black,Samsung
B0044779H2,R-S300 Natural Sound Stereo Receiver,Yamaha
B00YT6AAA6,SanDisk - Extreme PRO 64GB SDXC UHS-II Memory Card,SanDisk
B01LWCOKAE,JVC - In-Dash CD/DM Receiver - Built-in Bluetooth with Detachable Faceplate - Black,Jvcm
B0143UM4TC,CORSAIR - Vengeance LPX 16GB (2PK x 8GB) 3.2 GHz DDR4 DRAM Desktop Memory Kit - Black,CORSAIR
B00OOXCMQE,Definitive Technology - Wireless Audio Adapter - Black/Silver,Definitive Technology
B01E6PGSK0,"Sharp Aquos N7000 65 Class 4K Ultra WiFi Smart LED HDTV""",Sharp
B001MS6OM2,Roll Bar Mount,GoPro
B01LQQHKZY,WD - My Book 6TB External USB 3.0 Hard Drive - Black,Western Digital
B004TA72CQ,Stile Collection Bella IV Shoulder Bag (Black),Manfrotto
B00R1COCVI,HDR-AS200V Full HD Action Cam,Sony
B0013N0U9O,"Atrend-Bbox 10 Dual Front-Fire Enclosure for Dodge Ram 19962002""",Atrend
B002FGTWOC,JOBY GorillaPod SLR Zoom. Flexible Tripod with Ballhead Bundle for DSLR and Mirrorless Cameras Up To 3kg. (6.6lbs).,Joby
B00N32I2Q6,Bose SoundLink Color Bluetooth Speaker (Black),Bose
B072PCXS5T,"Samsung - 49 Class (48.5"" Diag.) - LED - 1080p - Smart - HDTV""",Samsung
B06ZY63J8H,"Lenovo - 100S-14IBR 14 Laptop - Intel Celeron - 2GB Memory - 32GB eMMC Flash Memory - Navy blue""",Lenovo
B00A121WN6,TL-SG108 8-Port 10/100/1000 Mbps Unmanaged Desktop Switch,TP-Link
B0713WFN5M,Sony MDR-1000X/C Wireless Bluetooth Noise Cancelling Hi-Fi Headphones (Certified Refurbished),Sony
B00BMRE0RE,"PYLE - 8 Single-Voice-Coil 4-Ohm Subwoofer with Integrated Amplifier - Black""",Pyle
B016YJXOHQ,VG939SM 19 Ergonomic LED LCD Multimedia Display,ViewSonic
B01MQ2MPOF,Apple MNF72LL/A 61W USB-C Power Adapter,Apple
B00FRU5UNA,iSimple - TranzIt Bluetooth Factory Radio Module - Black,Isimple
B072BY1H95,Logitech G433 7.1 Wired Gaming Headset with DTS Headphone: X 7.1 Surround for PC,Logitech
B00OD3AL3G,ER120WH2 SableFrame 2 58.8 x 104.6 Fixed Frame Projection Screen,Elite Screens
B01MYGISTO,"Refurbished TCL 49 Class 4K (2160P) Roku Smart LED TV (49S405)""",TCL
B014Z7IOGA,Pioneer 200W 4x6 Inch 3 Way 4 Ohms Coaxial Car Audio Speakers Pair | TS-A4676R,Pioneer
B01EHIQASQ,Refurbished Jaybird F5-S-B Freedom F5 In-Ear Wireless Headphones - Carbon,Jaybird
B010EC58EQ,1080p Day/Night PTZ Speed Dome Camera with 5 to 61mm Auto Focus Lens,Lorex
B004VQNU9W,"Niles - Directed Soundfield 7 2-Way Stereo Input In-Ceiling Speaker (Each) - Silver""",Niles
B00OQP5WS0,Sanus WSS2-W1 White Sonos Speaker Stands,SANUS
B00OY5UMD2,CapturePRO Camera Clip with PROplate,Peak Design
B01AWH05GE,WD 8TB My Cloud EX2 Ultra Network Attached Storage - NAS - WDBVBZ0080JCH-NESN,Western Digital
B01CQMN0HY,4GB NW-WS413 Sports Walkman Digital Music Player (Black),Sony
B01BD9O8FO,JBL Trip Visor Mount Portable Bluetooth Hands-Free Kit (Black),JBL
B016O5H3HM,Relays Sports Wireless In-Ear Headphones (Gray),SOL REPUBLIC
B00VXMY62W,SanDisk 8GB Clip Jam MP3 Player (Pink),Sandisk
B01CZW7H4M,Onkyo TX-NR555 7.2-Channel Network A/V Receiver,Onkyo
B00FX4FO1S,iSimple - BluStream Bluetooth Factory Radio Module - Black,Isimple
B01L74RPL4,Jabra Sport Coach Special Edition Sport Headset,Jabra
B010FH2QOK,Yamaha - 30W Desktop Audio System - White,Yamaha
B006DI9PG8,CORSAIR - ValueSelect 16GB (2PK x 8GB) 1.3 GHz DDR3 SDRAM Laptop Memory - Multi,Corsair
B01CZW875A,Pro-Ject - Box E Digital-to-Analog Converter - Black,Pro-Ject
B0719RW67Z,D-Link - DCS Indoor 720p Wi-Fi Network Surveillance Cameras (2-Pack) - White,D-Link
B00JPK9T1W,R6i In-Ear Headphones (Black),Klipsch
B074NBX5CY,"Samsung - 55 Class - LED - Curved - MU6490 Series - 2160p - Smart - 4K Ultra HD TV with HDR""",Samsung
B00H288CVW,PA248Q 24 LED Backlit IPS Widescreen Monitor,ASUS
B0117RFX38,Bose SoundTrue around-ear headphones II - Apple devices,Bose
B0067XUYBY,"Polk Audio - Dual 6.5 Center-Channel Speaker - Cherry""",Polk Audio
B00VXAEP5W,"Definitive Technology - DT Series 6.5 2-Way In-Ceiling Speaker (Each) - Black""",Definitive Technology
B0073H05MG,AudioQuest - RJE Cinnamon 4.9' Ethernet Cable - Black/Red,AudioQuest
B01N0DBWBV,i.am+ BUTTONS,I.am+
B00A0HZNDW,AX860i Digital ATX 860W Power Supply,Corsair
B01MZFKFI9,"LG - 55 Class - LED - UJ7700 Series - 2160p - Smart - 4K UHD TV with HDR""",LG
B01JEQMBPM,Level Active Wireless In-Ear Headphones (Black),Samsung
B0764H7CZQ,JBL Everest 750 Over-Ear Wireless Bluetooth Headphones (Gun Metal),Jbl
B00C2AMK2M,GP60NB50 8x Super-Multi Portable DVD Rewriter with M-DISC,LG
B00T87H860,Details About Kenwood 12 Inch 2000 Watt 4 Ohm Single Voice Coil Audio Subwoofer | Kfcw3016ps,Kenwood
B00SOXNA0C,ND Case for iPad mini 1/2/3 (Black),LifeProof
B01M6X2LW6,"SunBriteTV - Veranda Series - 43 Class - LED - Outdoor - Full Shade - 2160p - 4K UHD TV with HDR""",SunBriteTV
B01CMYGAGY,Acer 15.6 Chromebook CB5-571-C4G4,Acer
B01B5CTRGE,Details About Netgear Powerline 1000 Mbps Wifi 802.11ac 1 Gigabit Port Plw1000100nas,Netgear
B071VK5KXN,MX Anywhere 2S Wireless Mouse,Logitech
B00BI22U3O,Sony - 5.1-Ch. 3D / Smart Blu-ray Home Theater System - Black,Sony
B019Q895XE,Sony SRSXB3/BLK Portable Wireless Speaker with Bluetooth (Black),Sony
B00CFX58YI,Pioneer GM-D8601 Class D Mono Amplifier with Wired Bass Boost Remote,Pioneer
B01JOBIFLQ,Elite SC-LX501 7.2-Channel Network A/V Receiver,Pioneer
B01MYDTC2C,CORSAIR CL-9011109-WW Lighting Node PRO,Corsair
B00NOZ1EI0,"NB-13L Lithium-Ion Battery Pack (3.6V, 1250mAh)",Canon
B003Z96GS8,inactive,Bower
B0000DHVN3,"Crosley CR49-TA Traveler Turntable with Stereo Speakers and Adjustable Tone Control, Tan",Crosley
B00XLZ3GD4,PyleHome - LCD Projector - Silver/White,PyleHome
B005ZC4MM0,Yamaha - Mini Hi-Fi System - 40 W RMS - iPod Supported - Piano Black,Yamaha
B00EXN5X3E,"UM Pro10 Single-Driver Universal In-Ear Monitors (Blue, First Generation)",Westone
B01M5FSTXY,Seagate - SkyHawk Surveillance HDD 6TB Internal SATA Hard Drive for Desktops,Seagate
B002HRE10Y,Spartan - 1-Target 24x DVD/CD Duplicator - Black,Spartan
B00LIQ3NM2,Elite A-20 2-Channel Integrated Amplifier,Pioneer
B0046RE04A,"Yamaha - 6-1/2 2-Way In-Ceiling Speakers (Pair) - White""",Yamaha
B01L2U1OI8,Cobra - Radar and Laser Detector,Cobra Electronics
B01EIUJPS0,"Apple MacBook - 12 - Core m5 - 8 GB RAM - 512 GB flash storage - English""",Apple
B072JW4Z9S,21.5 iMac with Retina 4K Display (Mid 2017),Apple
B00HIUL1JO,Sabrent Sp-byta Speaker System - 2 W Rms - Wireless Speaker[s] - Usb - Ipod Supported (sp-byta),Sabrent
B01IOD7KB6,House of Marley,House of Marley
B01A60I4P6,Pinnacle P1 High Fidelity Audiophile In-Ear Headphones,MEE audio
B017MEW3LK,Klipsch X20i In-Ear Headphones,Klipsch Xr8i In-Ear Headphones
B00OLU11DA,BS-GS2024P 24 Gigabit PoE Smart Switch,Buffalo
B0043D2L8O,SF Slim Lens Pouch 75 AW,Lowepro
B00FKY3IFA,UM Pro 30 Triple-Driver with 3-Way Crossover In-Ear Monitors (Smoke),Westone
B005DBAODY,ECO STYLE - Sports Voyage Backpack - Black/Platinum,ECO STYLE
B006IJHK9Q,120 Bulb LED Video Light (Daylight),Bower
B006I2H04I,Phantom 410 Mid-Tower Case (White),NZXT
B00N625HZ2,A-S801 Integrated Amplifier (Black),Yamaha
B00TTWZFFA,Sony Ultra-Portable Bluetooth Speaker,Sony
B013WQIDAW,Bose® - Virtually Invisible® 791 In-Ceiling Speakers II (Pair) - White,Bose®
B004UC2N7M,"Alpine - 5 x 7"" 2-Way Coaxial Car Speakers with Poly-Mica Cones (Pair) - Black""",Alpine
B01ESSWH50,Sony STRDN1070 7.2-channel AV Receiver w/ Bluetooth,Sony
B006TAP096,AF-S NIKKOR 85mm f/1.8G Lens,Nikon
B00OOXCT6C,"Definitive Technology - W9 Dual 5-1/4 180W 2-Way Wireless Speaker (Each) for Streaming Music - Black""",Definitive Technology
B012DSZKV0,PNY - 16 GB (2PK x 8GB) 1.8 GHz DDR3 DIMM Desktop Memory Kit - Black,Pny
B00M8ABHVQ,SanDisk - Ultra II 960GB Internal SATA Solid State Drive for Laptops,SanDisk
B0117RFPCC,Bose® - SoundSport® In-Ear Headphones (Android) - Charcoal,Bose®
B071WT7ZZJ,Sony - XB20 Portable Bluetooth Speaker - Blue,Sony
B009NEKAEA,Energizer - Recharge Rechargeable AA Batteries (8-Pack),Energizer
B000FLNU4M,"Yamaha - Natural Sound 6-1/2 3-Way In-Wall Speakers (Pair) - White""",Yamaha
B01MSZSL4I,Details About *new~sennheiser Hd 4.50 Btnc Wireless Noise Cancelling Headphones~touch Controls,Sennheiser
B01D0CEC62,JBL Everest Elite 100 NXTGen Noise-Cancelling Bluetooth In-Ear Headphones Black,JBL
B06XJ9KVMS,Samsung - LED Wallet Cover for Samsung Galaxy S8 - Black,Samsung
B01M0OO2IT,"Klipsch - Reference Series 2.1-Channel Soundbar System with 6-1/2 Wireless Subwoofer and Digital Amplifier - Black""",Klipsch
B0057XVZ72,"Polk Audio - Vanishing Series RT 7 3-Way In-Ceiling Speaker (Each) - White""",Polk Audio
B006ZA1HFG,AudioQuest - Sydney 4.9' RCA-to-RCA Interconnect Cable - Dark Gray/Black,AudioQuest
B0073HDEXS,AudioQuest - RJE Vodka 4.9' Ethernet Cable - Black/Blue,AudioQuest
B009H659TA,"SVS - 12 800W Powered Subwoofer - Black""",SVS
B078H2DWZS,X900F-Series 75-Class HDR UHD Smart LED TV,Sony
B01BV13S7S,Details About Seagate 4 Terabyte (4tb) Superspeed Usb 3.0 Game Drive For Xbox One Stea4000402,Seagate
B06XVFY3M8,Onkyo - TX 7.2-Ch. Network-Ready A/V Home Theater Receiver - Black,Onkyo
B00H36U69Y,Lumix G 42.5mm f/1.7 ASPH. POWER O.I.S. Lens,Panasonic
B01LTHXAOK,"Apple MacBook Pro with Touch Bar - 13.3 - Core i5 - 8 GB RAM - 512 GB SSD - English""",Apple
B00FSB749Q,BC-TRW W Series Battery Charger (Black),Sony
B01N634P7O,Google Daydream View - VR Headset (Slate),Google
B00VU2NHVG,Apple USB-C VGA Multiport Adapter,Apple
B00OLZCD5K,Pioneer - 8x External USB 3.0 Quad-Layer Blu-ray Disc DL DVD±RW/CD-RW Drive - Silver,Pioneer
B019Q88VCA,h.ear go Wireless Speaker (Cinnabar Red),Sony
B00FRDV06I,Alpha a7 Mirrorless Digital Camera with 28-70mm Lens and Battery Kit,Sony
B01MCRBY4X,Cyber-shot DSC-RX100 V Digital Camera,Sony
B0774VST1N,Toshiba TH-GW10 Symbio 6-in-1 Smart Home Solution and Security Camera with an Amazon Alexa Speaker built-in,Toshiba
B00ZC3S72I,Turtle Beach - EAR FORCE Stealth 450 Over-the-Ear Wireless Gaming Headset for PC - Black/Red,Turtle Beach
B0051BS28A,"KICKER - 6.5 2-Way Full-Range Speakers (Pair) - White""",Kicker
B00I9HD9HC,ECOXGEAR - ECOSTONE Bluetooth Waterproof Speaker - Blue,ECOXGEAR
B00004ZCH6,Tiffen - 72mm Neutral-Density 0.9 Lens Filter,Tiffen
B06Y5M9WQD,Pioneer - 5.1-Ch. 4K Ultra HD HDR Compatible A/V Home Theater Receiver - Black,Pioneer
B01E6PGT90,"Hisense - 55 Class - LED - H8 Series - 2160p - Smart - 4K UHD TV with HDR""",Hisense
B01HQCF6R6,Details About Optoma Hd142x Full Hd 10980p 3d Dlp Home Theater Projector,Optoma
B01A1F3V7W,MG7310-10 8x4 343 Mbps DOCSIS 3.0 Cable Modem N300 Wi-Fi Router,Motorola
B00VXMY262,8GB Clip Jam MP3 Player (Black),SanDisk
B01GITWG5S,Kenwood DDX9703S 6.95 Double-DIN In-Dash DVD Receiver with Bluetooth,Kenwood
B00ITCHY50,SanDisk  Extreme Pro 32 GB SDHC,SanDisk
B00RY9N4QW,Aeon 71.5 x 130.9 16:9 Fixed Frame Projection Screen with CineWhite Projection Surface,Elite Screens
B00JCE14AU,"Pulse LED Light Bulb with Wireless Speaker (Pair, Pewter)",Sengled
B005FO2CAW,House of Marley - TTR Over-the-Ear Headphones - Silver/Black,ONLINE
B003R7KMSS,Marantz - 280W 2.0-Ch. Stereo Power Amplifier - Black,Marantz
B00FRET3IY,"Yamaha - 10 250W Powered Subwoofer - High-Gloss Piano Black""",Yamaha
B01JCIJJE8,"Powerstation XXL Three-USB 20,000mAh Battery Pack (Rose Gold)",mophie
B06XX2TJSD,V-MODA Crossfade 2 Wireless Over-Ear Headphone - Matte Black,V-Moda
B0756CYWWD,Details About Bose Quietcomfort 35 Noise Cancelling Wireless Headphones Series Ii Qc35 Black,Bose
B06XFZ7RQN,"Details About Openbox Excellent: Asus Rog Gl502vm 15.6 Laptop Intel Core I7 12gb Me...""",Asus
B016ATD48O,Case for Microsoft Surface Pro and Pro 4 (Black),Urban Armor Gear
B073WQ51JQ,"Asus - 2-in-1 15.6 4K Ultra HD Touch-Screen Laptop Intel Core i7 16GB Memory NVIDIA GeForce GTX 950M - 2TB HDD + 512GB SSD - Sandblasted matte black aluminum""",Asus
B00EXN4GK0,UM Pro10 Single-Driver Universal In-Ear Monitors (Clear),Westone
B00A8LOQM4,2PJ4280 - Peerless-AV Wall Mount for Tablet PC,Peerless-AV
B00A203I2A,MM8077 7-Channel Power Amplifier,Marantz
B00HFBNNV0,Buffalo Technology - DriveStation Axis Velocity 3TB External USB 3.0/2.0 Hard Drive - Black,Buffalo Technology
B010FH2S3O,Yamaha - 30W Desktop Audio System - Black,Yamaha
B079B9BF3V,Details About Evga Nvidia Geforce Gtx 1080 Sc Gaming 8gb Gddr5x Pci Express 3.0 Graphics ...,Evga
B003FVR194,Russound - 150W Indoor/Outdoor Speaker (Each) - Black,Russound
B06XDN53YC,"Sony - 2.1-Channel Soundbar System with 6.3 Wireless Subwoofer and Digital Amplifier - Black""",Sony
B06XGFYT94,"Samsung - 65 Class - LED - MU7000 Series - 2160p - Smart - 4K UHD TV with HDR""",Samsung
B01FWIEMSU,Sony XBR55X700D 55-Inch 4K Ultra HD Smart LED TV (2016 Model),Sony
B07CMDRDCC,Sony SRS-XB41 Portable Wireless Bluetooth Speaker - Black - SRSXB41/B (Certified Refurbished),Sony
B01MZFJWOS,"Sony 43 Class 4K UHD (2160P) Smart LED TV (XBR43X800E)""",Sony
B01MT67O7K,Sharp CD-BH950 240W 5-Disc Mini Shelf Speaker System with Cassette and Bluetooth,Sharp
B00EHBPF6W,"Pioneer - Andrew Jones Soundbar System with 6-1/2 Wireless Subwoofer - Black""",Pioneer
B0148NPJ78,Logitech G933 Artemis Spectrum – Wireless RGB 7.1 Dolby and DST Headphone Surround Sound Gaming Headset – PC,Logitech
B072LZZZXB,R8000P Nighthawk X6S AC4000 Wireless Tri-Band Gigabit Router,Netgear
B002NKM4C2,CD-C600 5-Disc CD Changer,Yamaha
B012ASAWNE,PNY - 8GB 1.6 GHz DDR3 DIMM Desktop Memory - Green,PNY
B00JPJ1YAM,"Kanto - sub8 8 120W Powered Subwoofer - Gloss Black""",Kanto
B018YKVSMG,Epson - Home Cinema 2045 LCD Projector - White,Epson
B014W20C90,Microsoft - Wireless Comfort Desktop 5050 Curved Keyboard and Mouse - Black,Microsoft
B01MDJDLXX,"KICKER - CS Series 4 2-Way Car Speakers with Polypropylene Cones (Pair) - Black""",Kicker
B077ZGRY9V,"HyperX - Cloud Flight Wireless Stereo Gaming Headset for PC, PS4, Xbox One, Nintendo Wii U, Mobile Devices - Black",HyperX
B078HS8386,TiVo - Roamio OTA VOX 1TB Digital Video Recorder - Black,TiVo
B01CUARK32,W650D-Series 48-Class Full HD Smart LED TV,Sony
B00MWDGW28,Master and Dynamic MH40S2 Award Winning Over-ear,Master Dynamic
B01M1NU1SN,Acer Predator G1-710 Desktop Computer - Intel Core i7-6700 3.4 GHz - 16 GB DDR4 SDRAM - 2 TB HDD + 512 GB SSD,Acer
B010KLQD36,Beats Solo 2 Wireless On-Ear Headphone - White-(Certified Refurbished),Beats
B000FMNBXG,DP-300F Fully Automatic Turntable,Denon
B06XHWTR27,LED Wallet Cover for Galaxy S8+ (Black),Samsung
B06XGDPKXL,"Samsung - 65 Class - LED - Curved - MU7500 Series - 2160p - Smart - 4K UHD TV with HDR""",Samsung
B019O6MVJI,LG - MiniBeam PH550 720p DLP Projector - White,LG
B00OTWXJNK,Apple - iPad Air 2 Wi-Fi + Cellular 128GB - Gold,Apple
B01G95INDK,4K Video Camera,360fly
B003GFXYNG,Alpine PDXM12 1200W Mono RMS Digital Amplifier,Alpine
B00TGIW1XG,Samsung - 850 EVO 500GB Internal SATA Solid State Drive for Laptops and PC,Samsung
B000HKGK9I,"RCA Indoor Digital TV Antenna, Amplified, 40-Mile Range",RCA
B00UBGU4PY,Universal Foldable Bluetooth Keyboard for Mobile Devices,Microsoft
B007ME3FKO,"Details About Alpine 400w 5.25 Typee Coaxial 2way Car Speakers | Spe5000""",Alpine
B00BL7N0US,P101 Ceiling Projector Mount (White),Kanto Living
B071WLXMNL,"Apple - MacBook Pro® - 13 Display - Intel Core i5 - 8 GB Memory - 512GB Flash Storage (Latest Model) - Silver""",Apple
B016NIOOH2,Connect Dual-Headphone Bluetooth Audio Transmitter,MEE audio
B00B2MMU1M,Details About Sylvania Dual Portable Dvd Player W/ 9inch Widescreen Led Display Refurbished,Sylvania
B06XKRWWSG,Sony - 1155W 7.2-Ch. Hi-Res Network-Ready 4K Ultra HD and 3D Pass-Through HDR Compatible A/V Home Theater Receiver - Black,Sony
B00I9HD8PK,EcoXGear Ecostone Bluetooth Speaker,Grace Digital
B018GWSVXQ,Ghostek - Atomic Protective Waterproof Case for Samsung Galaxy Note 5 - Black,Ghostek
B077TG22H3,BenQ - CineHome HT2050A 1080p DLP Projector - White,BenQ
B074MJHTRS,"Lenovo - 2-in-1 11.6 Touch-Screen Chromebook - MT8173c - 4GB Memory - 32GB eMMC Flash Memory - Dark gray""",Lenovo
B00W8T2DPQ,Pro Runner BP 450 AW II Backpack (Black),Lowepro
B010QD6W9I,Samsung 850 EVO 2TB 2.5-Inch SATA III Internal SSD (MZ-75E2T0B/AM),Samsung
B072DWQTK3,Logitech iPad Slim Folio: Case with Wireless Keyboard with Bluetooth (Black) - iPad 5th generation,Logitech
B01GL65NMQ,Cobra - CDR895D Front and Rear Camera Dash Cam - Black,Cobra
B01M981YYL,Details About Netgear Cm700 Docsis 3.0 32x8 High Speed Cable Modem,Netgear
B014X4U076,MG278Q 27 Widescreen LED Backlit TN Gaming Monitor,ASUS
B019Q8974G,SRS-XB2 Portable Bluetooth Wireless Speaker (Red),Sony
B076H9K448,"Insignia - Fixed TV Wall Mount For Most 40-70"" TVs - Black NS-HTVMF0C""",Insignia
B073K7ZFNF,"LG - 65 Class - OLED - B7A Series - 2160p - Smart - 4K UHD TV with HDR""",LG
B00ES2BQ7M,Boombox+ Bluetooth Wireless Speaker,SHARKK
B01CQMWU84,"Power Acoustik EG1-4500D Edge Series Monoblock Class D Amp, 4,500 Watts Max",Power Acoustik
B0771WSK46,IOGEAR - USB-C 4-in-1 4K UHD Multiport Laptop Adapter,IOGEAR
B079Y7ZFD4,JBL - Reflect Contour 2 Wireless In-Ear Headphones - Black,JBL
B079YVWRZQ,"Samsung - 65 Class - LED - Q7F Series - 2160p - Smart - 4K UHD TV with HDR""",Samsung
B00MHPAF38,Alpha a5100 Mirrorless Digital Camera with 16-50mm Lens (White),Sony
B01N5K3SIB,QuickFit 22 Stainless Steel Watch Band (Slate Gray),Garmin
B000EX5HRO,Sonic Alert Sb300ss Sonic Boom Alarm Clock White,Sonic Alert
B01J97IXEO,Braven BRV-BLADE Wireless Portable Bluetooth Speaker [22 Hour Playtime][Waterproof] 4000 mAh Power Bank Charger - Black,Braven
B01JCIJ21I,Powerstation Plus Mini 4000mAh Battery Pack (Gold),mophie
B004TAHGCM,"Power Acoustik - MOFO 15.50 1700 W Woofer - Royal Blue""",Power Acoustik
B017NT96P0,Spartan - 3-Target 24x DVD/CD Duplicator - Black,Spartan
B01L1IICR2,Sennheiser - HD 599 Over-the-Ear Headphones HD 5 - Brown/ivory/matte metallic,Sennheiser
B0196QNBU4,CORSAIR - VENGEANCE LPX Series 32GB (2PK 16GB) 2.133GHz DDR4 Desktop Memory - Black,CORSAIR
B00BHBWWFW,Sennheiser - Digital Headphone Amplifier - Silver,Sennheiser
B00F3F7316,M-Audio - Over-the-Ear Headphones - Black,M-Audio
B01JHN5BZE,10TB G-DRIVE with Thunderbolt,G-Technology
B01JUFV0X6,DNA 15 Slim Messenger Bag (Cobalt),Tenba
B018F5AX1M,Apple - iPad mini 4 Wi-Fi + Cellular 128GB - Sprint - Silver,Apple
B00EKJQLSC,"Onkyo - Dual 6-1/4 2-Way Floor Speakers (Pair) - Black""",Onkyo
B01M050N05,Panasonic - Lumix G85 Mirrorless Camera with 12-60mm Lens - Black,Panasonic
B06VSWQDHJ,Samsung Galaxy Tab S3 Keyboard Cover,Samsung
B01N6NJ1V9,"Details About Kenwood Ddx375bt Car Double Din 6.2 Touchscreen Usb Dvd Cd Bluetooth Stereo""",Kenwood
B00B6A8N3O,Thermaltake - SMART Series 650W Bronze Power Supply - Black,Thermaltake
B009HNEBLK,VS278Q-P 27 16:9 LCD Monitor,ASUS
B01DLLU1AI,Details About Skybell Hd Wifi 1080p Video Doorbell Bronze (sh02300bz),Skybell
B0038JVDHO,AudioQuest - Chocolate 16.5' 4K Ultra HD In-Wall HDMI Cable - Brown,AudioQuest
B015R7AGHC,V-MODA - Crossfade Wireless Headphones - Gunmetal Black,V-MODA
B00BFOEY4I,Details About New Logitech G230 981000541 Headset,Logitech
B013MC8H2A,Lowepro - Slingshot Edge 250 AW Camera Backpack - Black,Lowepro
B003G2ZJTG,"Details About Apple Macbook Pro 15.4 Laptop 500gb Silver""",Apple
B06X9VCP3W,Details About Samsung Electronics Un49mu8000 49inch 4k (2160p) Uhd Led Lcd Internet Smart Tv,Samsung
B01BV14I40,Details About Spring Deals Retal Box Sale Sx720 Canon Powershot Sx 720 Hs Digital Camera,Canon
B073X1P9DZ,"VIZIO - 50 Class - LED - M-Series - 2160p - Smart - Home Theater Display with HDR""",VIZIO
B017HA3RGE,EVGA 750 GQ,Evga
B00S7A97JU,New OEM Braven LUX Pearl Portable HD Wireless Bluetooth Speaker Power Bank,Braven
B00U6GTONM,HXi Series HX1200i 1200W 80 Plus Platinum Certified PSU ATX Power Supply Unit (Black),Corsair
B008JJLW4M,WD - Red 3TB Internal SATA NAS Storage (OEM/Bare Drive),WD
B00B2WQZ4A,"Incase - Sling Sleeve for 13 Apple® MacBook® Pro and MacBook Air Laptops - Black""",Incase
B014US3FQI,Theta S Spherical VR Digital Camera,Ricoh
B01F459K7O,iPL24 FM Clock Radio with Lightning Dock and USB Port (Gunmetal),iHome
B0756GYZTQ,Sony WH1000XM2/N Wireless Noise Cancelling Headphones (Gold),Sony
B00JST5I7Y,"2) New Kicker 41KSC6934 6x9 3-Way 300 Watt Car Audio Coaxial Speakers KSC693""",Kicker
B00PKDY28I,Details About Kicker Hp402bt Tabor Black Overtheear Wireless Bluetooth Headphones,Kicker
B00Q9QGV3E,HVL-F32M External Flash,Sony
B00S04ZEA4,Monster - Power Platinum 600 6-Outlet/2-USB Surge Protector Strip - Black,Monster
B01D8H09TS,CORSAIR K70 RGB RAPIDFIRE Mechanical Gaming Keyboard - USB Passthrough and Media Controls - Fastest and Linear - Cherry MX Speed - RGB LED Backlit,Corsair
B01LYSF8WN,iPhone 7 Smart Battery Case (Black),Apple
B00SCX76XG,ParcSlope Notebook Stand for MacBook (Silver),Twelve South
B01F9G414U,SanDisk - 120GB Internal SATA Solid State Drive Plus for Laptops,SanDisk
B011QIIGOQ,32GB iPod touch (Pink) (6th Generation),Apple
B072QGRJQ4,"12 MacBook (Mid 2017, Silver)",Apple
B01HAQFSLM,"Lenovo 80TX0007US Y 710-11ISK 11.6-Inch FHD Touch Laptop (Pentium 4405Y, 4 GB Ram, 128 GB SSD, Windows 10), SilverNotebook PC Computer Tablet Touchscreen Screen 2-in-1",Lenovo
B075749KHR,Skullcandy Hesh 3 Wireless Headphones,Skullcandy
B074X5WPC5,GoPro HERO6 Black Camera,GoPro
B079HSJ9QR,"Details About Openbox Excellent: Lg 32 Class (31.5"" Diag.) Led 720p Smart Hdtv""",Lg
B00I985V4U,PB-2000 12 500W Subwoofer (Black Ash),SVS
B00IPY7ZZ6,Mohu - Jolt Digital TV Antenna Amplifier - White,Mohu
B00S4HHUOA,"Reference Premiere RP-240S Surround Speaker (Single, Black)",Klipsch
B01MFCTRZM,Details About Microsoft Surface Ergonomic Bluetooth Wireless Keyboard Silver 3ra00022,Microsoft
B013J7NUXO,Actiontec MoCA 2.0 Ethernet to Coax Adapter (ECB6000S02),Actiontec
B06XRTBBHB,"Asus - 17.3 Laptop - Intel Pentium - 8GB Memory - 1TB Hard Drive - Black""",Asus
B01LWPQFFF,Pioneer - 5.1-Ch. Network-Ready 4K Ultra HD and 3D Pass-Through HDR Compatible A/V Home Theater Receiver - Black,Pioneer
B000MB1M8G,1506TSA Lock,Pelican
B01F6JDOF2,Chant Sport BT Portable Audio System (Black),House of Marley
B01BHQB2L6,JVC KW-R920BTS 2-DIN Bluetooth In-Dash Car Stereo and SiriusXM Ready #KW92BT,Jvc
B00OU56UBO,"Insignia™ - 3.5 Serial ATA Hard Drive Enclosure - Black""",Insignia™
B00630WKGI,Wireless HD Digital Kit,IOGEAR
B074GYHTY9,Details About Microsoft Surface Pen Burgundy (2017) #eyu00025 New Sealed In Box,Microsoft
B001MYLBKQ,T113UWS1 Portable Tripod Screen (80x80),Elite Screens
B075SV2Z29,Razer Electra V2-7.1 Surround Sound Digital Gaming Headset with Detachable Microphone,Razer
B06Y66K3XD,XFX - AMD Radeon RX 580 GTS XXX Edition 8GB GDDR5 PCI Express 3.0 Graphics Card,XFX
B00VXA9TVW,"Definitive Technology - DT Series 8 2-Way In-Ceiling Speaker (Each) - Black""",Definitive Technology
B013JPKUHA,Toshiba - 1TB Internal SATA Hard Drive for Desktops,Toshiba
B01M24U0VE,Veranda Series 65-Class UHD Outdoor LED TV,SunBriteTV
B006V72AE0,Netgear N900 Wireless Dual Band USB Adapter,NETGEAR
B01MS4EQLX,"New Asus Q524u 15.6fhd 2in1 Touch I77500u 3.5ghz 16gb Ddr4 2tb Hd 940mx2gb W10""",Asus
B01H3AEWVC,VIZIO M-Series 70” SmartCast 2160p 4K XHDR Plus XLED Plus Display (M70-D3),"VIZIO, INC"
B00IF0RDHA,"Samsung Leather Flip Book Cover Case for Samsung Galaxy Note 10.1 2014 Edition - Black Retail Packaging""",Samsung
B00YY3XI62,"WD - My Book Pro 6TB 2-Bay External Thunderbolt, USB 3.0 Storage - Black",WD
B06XRFNWHK,CORSAIR - VENGEANCE RGB Series 16GB (2PK 8GB) 3.0GHz DDR4 Desktop Memory with RGB Lighting - Black,CORSAIR
B073GZBT36,Samsung T5 Portable SSD - 500GB - USB 3.1 External SSD (MU-PA500B/AM),Samsung
B01I2NR9U0,64GB XQD G Series Memory Card,Sony
B01273KFZW,"Samsung 64GB PRO+ microSDHC Card with Adapter, MB-MD64DA/AM",Samsung
B01E69LWWA,Denon AVRX2300W  Dealer ReCertified  7.2 AV Receiver w/ Dolby Atmos,Denon
B00009XVCZ,EF 50mm f/1.4 USM Lens,Canon
B06WLMJPC3,"Dell - Inspiron 15.6 Laptop - Intel Core i5 - 8GB Memory - NVIDIA GeForce GTX 1050 - 1TB + 8GB Hybrid Hard Drive - Red""",Dell
B011QII9DE,Apple iPod Touch,Apple
B06WGXCBXG,Kenwood - In-Dash CD/DM Receiver - Built-in Bluetooth - Satellite Radio-ready with Detachable Faceplate - Black,Kenwood
B0731QW3MR,Tablo DUAL OTA DVR for Cord Cutters - 64 GB with WiFi - For use with HDTV Antennas,Tablo
B00ZHDRHAG,Genuine GoPro The Strap (Hand + Wrist + Arm + Leg Mount),Gopro
B00KWHMQV2,Seagate Backup Plus 2TB Portable External Hard Drive for Mac USB 3.0 + 2mo Adobe CC Photography (STDS2000100),Seagate
B01LZAK8MM,Details About Logitech 920008149 K780 Wrls Multi Device Keyb,Logitech
B078Y3ZV5V,Details About Evga Nvidia Geforce Gtx 1060 Ssc Gaming 6gb Gddr5 Pci Express 3.0 Graphics ...,Evga
B01JLCKP34,"HP - Stream 14 Laptop - Intel Celeron - 4GB - 32GB eMMC Flash Memory - Office 365 Personal 1-Year Subscription Included - Aqua blue""",HP
B00NW31YSE,Canary-Moble-phone-compatible-Digital-Wireless-Indoor-Security-Camera-with-Night-Vision,Canary
B01C3LE44G,Nikon - COOLPIX B700 20.2-Megapixel Digital Camera - Black,Nikon
B00BIGO98E,Forest High-Speed HDMI Cable with Ethernet (26.3'),AudioQuest
B019Q88VDE,SRS-XB2 Portable Bluetooth Wireless Speaker (Blue),Sony
B01LTHXA9A,"Apple MacBook Pro MLUQ2LL/A 13.3 Notebook - Intel Core i5 Dual-core (2 Core) 2 GHz - 8 GB LPDDR3 - 256 GB SSD - Mac OS X 10.12 Sierra - 2560 x 1600 - In-plane Switching (IPS) Technology - Silver""",Apple
B019Q88VU2,h.ear go Wireless Speaker (Lime Yellow),Sony
B01I2NUU2Y,"Kenwood - 6.2 - Apple CarPlay™ - Built-in Navigation - Bluetooth - In-Dash CD/DVD/DM Receiver - Black""",Kenwood
B00UNDFPVS,Tomtom - Via 1515m 5 Gps With Lifetime Map Updates - Black/gray (1en505208),Tomtom
B01CDDU0Q0,LG Electronics OLED65C6P Curved 65-Inch 4K Ultra HD Smart OLED TV (2016 Model),LG
B01GQWT4SE,Att Samsung Galaxy Express 3,Att
B00MHPAFAG,Alpha a5100 Mirrorless Digital Camera with 16-50mm Lens Deluxe Kit (Black),Sony
B071DTNNL7,Details About Microsoft Surface Arc Touch Mouse Wireless Bluetooth Platinum,Microsoft
B01HDSWKUO,Pioneer DEH-X6800BS,Pioneer
B00N3RFC4G,Logitech - Harmony Home Companion - Black,Logitech
B01LTHXAOA,"15.4 MacBook Pro with Touch Bar (Late 2016, Silver)",Apple
B00DBDM934,3TB AirPort Time Capsule (5th Generation),Apple
B073D856LF,"Pioneer - 7 - Android Auto/Apple CarPlay™ - Built-in Bluetooth - In-Dash CD/DVD Receiver - Black""",Pioneer
B015P3SO22,"Alienware - R3 17.3 Laptop - Intel Core i7 - 16GB Memory - 1TB Hard Drive + 256GB Solid State Drive - Epic Silver""",Alienware
B01CQEN2U2,Sony - Cyber-shot DSC-HX80 18.2-Megapixel Digital Camera,Sony
B00J8WNX7I,Versavu Classic 360 Case for Apple iPad Air,Targus
B00SHZSWC8,VG2860MHL-4K 28 16:9 LCD Monitor,ViewSonic
B008CJ1UQY,"ViewSonic - 21.5 LED HD Monitor - Black""",ViewSonic
B00OZTLRIG,"Bower - Sports Mount and Waterproof Housing Kit for GoPro HERO3, 3+, 4 - Black",Bower
B00PLEOE4I,Solo - Pro Collection Flip Cover for Apple iPad Air - Silver,Solo
B003Y5D3PM,Blue Microphones - Kiwi Multipattern Condenser Microphone,Blue Microphones
B00MQES9UQ,Elite SW-E10 10 300W Powered Subwoofer,Pioneer
B00O8YLIY6,"Sony - Core Series 10 115W Active Subwoofer - Black""",Sony
B005GTNZUM,"Logitech H800 Wireless Headset for PC, Tablets and Smartphones",Logitech
B000RGR50U,Sherwood - 400W 4.0-Ch. Stereo Receiver - Black,Sherwood
B01CO48M36,Samsung 128GB Pro PLUS MicroSDXC Memory Card Nintendo Switch Galaxy Note 8 S8 S7,Samsung
B07864WMK8,Samsung 860 EVO 250GB 2.5 SATA III SSD Retail MZ-76E250B/AM - 5 Year WRT - NoTax,Samsung
B078ZH2SGW,Details About Lg 49uj6200 49inch 4k Uhd 4k 2160p Hdr Led Tm120 Smart Hdtv (no Stand),Lg
B01HD6ZLQ6,Seagate Backup Plus Hub 8TB External Desktop Hard Drive Storage + 2mo Adobe CC Photography (STEL8000100),Seagate
B01669UNR8,Details About Escort Max 360 Radar Detector With Wired Power Cord + Windshield Mount,Escort
B013JPKUU2,Toshiba X300 4TB Performance Desktop and Gaming Hard Drive 7200 RPM 128MB Cache SATA 6.0Gb/s 3.5 Inch Internal Hard Drive (HDWE140XZSTA),Toshiba
B0158SRJVQ,Alpha a7S II Mirrorless Digital Camera Body with Accessories Kit,Sony
B00BG2BD52,SUT670P Slim Tilting Wall Mount for 32 to 80 Displays (Black),Peerless-AV
B07BR9ZBZ5,Magic Keyboard with Numeric Keypad - US English - Space Gray,Apple
B074ZFD63N,Sony - VPL VW285ES 4K SXRD Projector with High Dynamic Range - Black,Sony
B01M8I40A6,Monument - Diskless Personal Cloud Server for Photos and Videos,Monument Labs
B078H651DD,"Sony - 55 Class - OLED - A8F Series - 2160p - Smart - 4K UHD TV with HDR""",Sony
B01LD4CYRS,Master and Dynamic - MW50 Wireless On-Ear Headphones - Black Leather/Silver Metal,Master & Dynamic
B0721SY79L,Thecus - Technology N2350 2-Bay External Network Storage (NAS) - Black,Thecus
B071N9QCZ3,ASUS CHROMEBOX2-G095U Mini Chrome OS Computer,Asus
B0000EZ1KK,DXC390 - 6-disc CD Carousel Changer,Onkyo
B00VXMXU38,8GB Clip Jam MP3 Player (Green),SanDisk
B00I59KK0I,Metra - License Plate Back-Up Camera - Black,Metra
B012ASAW8O,PNY - Performance 16GB (2PK 8GB) 1.6GHz DDR3 Desktop Memory - Green,PNY
B00PX8CHO6,Alpha a7 II Mirrorless Digital Camera Body with Accessory Kit,Sony
B01DPRYRYY,HT-CT790 330W 2.1-Channel Soundbar System,Sony
B00ZKTKWOU,Braven Balance Portable Bluetooth Wireless Speaker,Braven
B01M4LIKLI,Details About Corsair K55 Rgb Backlit Gaming Keyboard,Corsair
B01N2NLNEH,Linksys Velop Tri-Brand Whole Home WiFi System-- White (AC6600),Linksys
B011QIINP8,Apple - iPod touch® 32GB MP3 Player - Space Gray,Apple
B019Q88V20,h.ear go Wireless Speaker (Bordeaux Pink),Sony
B011QIIJXY,32GB iPod touch (Gold) (6th Generation),Apple
B0185C564Y,Logitech - Logi FOCUS Keyboard Folio Case for Apple® iPad® mini 4 - Black,Logitech
B06XYHTQTH,AVR-S730H 7.2-Channel Network A/V Receiver,Denon
B018XNGQOE,AfterShokz Trekz Titanium Wireless Headphones,AfterShokz
B013D1BI9Y,Nikon AF-S FX NIKKOR 200-500mm f/5.6E ED Vibration Reduction Zoom Lens with Auto Focus for Nikon DSLR Cameras,Nikon
B00EN1DUDQ,Canon 200EG DSLR Camera Backpack for EOS 70D 6D 5D Mark III Rebel T5i T6i T6s,Canon
B00GMPDAGI,YU2 Powered Desktop Speakers (Matte Gray),Kanto Living
B01IR5MR32,PNY - NVIDIA GeForce GTX 1060 6GB GDDR5 PCI Express 3.0 Graphics Card - Black,PNY
B01HY4WDB8,Yamaha - WX-010 Wireless Speaker for Streaming Music - Black,Yamaha
B000SXWGAG,Panamax M5400pm 11 Outlet Home Theater Power Conditioner,Panamax
B00746XCNK,Mac mini 2.6 GHz Desktop Computer (Late 2014),Apple
B00AEMGGU2,"PLAYBAR Wireless Soundbar, Wireless Speaker Pair, and Wireless Subwoofer Kit (White)",Sonos
B004QA7UY4,"Definitive Technology - SuperCube 2000 7-1/2 650W Powered Subwoofer - Black""",Definitive Technology
B01698T1TC,Power Supply for Surface Book Surface Pro,Microsoft
B01F9G43WU,240GB SSD Plus SATA III 2.5 Internal SSD,SanDisk
B00SMBGGV6,Vizio 38 5.1 Sound Bar System - Black (sb3851-C0),Vizio
B00M8ABFX6,SanDisk - Ultra II 480GB Internal SATA Solid State Drive,SanDisk
B00HSVB40Y,Insignia™ - 2-Way Indoor/Outdoor Speakers (Pair) - Black,Insignia™
B00CJ87FRW,Pioneer CD-AH200 Android Smartphone to HDMI Head Unit Connectivity Kit,Pioneer
B004SU2LD2,"RPA Elite Projector Mount with SLM281 Bracket (Locking Option A, Black)",Chief
B00U9U8RZQ,J5205 32-Class Full HD Smart LED TV,Samsung
B00VRKVGP0,Riing 12 LED 120mm Radiator Fan (Blue),Thermaltake
B007PG25UU,Details About Seagate 1tb Internal Serial Ata Hard Drive For Laptops,Seagate
B00ZYNH8FI,SanDisk - Ultra 200GB microSDXC UHS-I Memory Card,SanDisk
B072QGX65K,21.5 iMac (Mid 2017),Apple
B011QIJ3PM,Apple iPod Nano,Apple
B003D7JSVY,Sonax PM-2220 Tilt Wall Mount Stand for 32-Inch to 90-Inch TV,Sonax
B01AZ7LT20,Samsung Galaxy Tab E Lite 7 8gb White - Sm-T113nykaxar,Samsung
B01N4TIU06,SRS-XB10 Bluetooth Speaker (White),Sony
B01DMW90SA,Pioneer Elite VSX-LX101 7.2 Channel Networked AV Receiver with Built-In Bluetooth _ Wi-Fi Black,Pioneer
B015WXL0C6,"Apple 13.3 MacBook Air ( Silver)""",Apple
B00IOY8XWQ,"Amazon - Kindle Voyage - 6 - 4GB - Black""",Amazon
B0749KG1JK,Samsung 32GB EVO Plus Class 10 Micro SDHC with Adapter (MB-MC32GA/AM),Samsung
B01LTIORBY,"9.7 iPad (2017, 32GB, Wi-Fi Only, Silver)",Apple
B00GO4GMAI,V-MODA XS On-Ear Folding Design Noise-Isolating Metal Headphone (Matte Black Metal),V-Moda
B00F0EB0SM,Phantom 530 Full-Tower Case (Black),NZXT
B0030F4QKW,"Chief - FIT Fixed TV Wall Mount for Most 40 - 80"" Flat-Panel TVs - Black""",Chief
B006HCQZDQ,"Polk Audio - PSW Series 10 Active Subwoofer - Black""",Polk Audio
B01697F0ZC,Details About Microsoft Surface Pen Stylus W/ Tip Kit For Surface Pro 3,Microsoft
B000SXWGAQ,Details About Panamax M5300pm 11outlet Home Theater Power Conditioner,Panamax
B0060MVJ1Q,D750 DSLR Camera Body with Adobe Creative Cloud 12-Month Subscription Kit,Nikon
B00JSQV44S,Seagate - Wireless Plus 2TB Portable Hard Drive - Gray,Seagate
B00VDES2SE,Shadow Wireless Earphones (Gray),SOL REPUBLIC
B001584QQ0,Power Acoustik HP10S PA FOLDABLE WIRELESS HEADPHONE SINGLE,Power Acoustik
B014VHW24Y,"Asus Zenbook Ux303uadh51t 13.3 Fhd Touchscreen Core I56200u 8gb 256gb""",Asus
B0017JHU10,Dead Kitten Artificial Fur Wind Shield,Rode
B003OARCWC,Gemini - Pro Audio Dual-Channel UHF Wireless Microphone System,Gemini
B01CK5UBHE,WD - Red Pro 4TB Internal SATA NAS Hard Drive,WD
B00C9TECFO,WD - Blue 500GB Internal Serial ATA Hard Drive for Laptops (OEM/Bare Drive),WD
B00FYQ7N5U,PYLE - PylePro 2-way Indoor/Outdoor Speaker - Pack of 2 - white,PYLE
B07227W677,Yamaha - AVENTAGE 9.2-Ch. 4K Ultra HD A/V Home Theater Receiver - Black,Yamaha
B0163HP38W,Surface Dock,Microsoft
B01DUT81JE,KS9800-Series 65-Class SUHD Smart Curved LED TV,Samsung
B0716ZFWWV,Details About Logitech G903 Lightspeed Wireless Gaming Mouse,Logitech
B00P0ENV2U,SeeThru Case for 13 MacBook Air (Nickel Gray),Speck
B002DUCV70,SunBriteTV SB-WM46 46-Inch Dual Arm Articulating Wall Mount,SunbriteTV
B00NVR64B8,CD Recorder Cassette and Turntable BLACK,TEAC
B016PHN7CO,Zivix - puc+ Bluetooth MIDI Interface - Black,Zivix
B00X95GQP6,Marantz - 11.2-Ch. Network-Ready 4K Ultra HD and 3D Pass-Through A/V Home Theater Preamplifier - Black,Marantz
B00FJVE1VO,Advanced Active Backpack II,Manfrotto
B00FUC6S5O,Source 530 Full Tower Case (Black),NZXT
B001F0RPGG,Escort 9500IX Radar Detector Platinum Bundle,Escort
B00KBC1Y9S,Nikon - AF-S NIKKOR 400mm f/2.8E FL ED VR Lens for Select Nikon DSLR Cameras - Black,Nikon
B00RXHEH8Y,"RP-150M Reference Premiere 2-Way Bookshelf Speakers (Ebony, Pair)",Klipsch
B003WU9JWU,"Sanus - VisionMount Full-Motion TV Wall Mount for 42 - 84"" Flat-Panel TVs - Extends 20"" - Black""",Sanus
B00DM8R866,Cyber-shot DSC-RX100 II Digital Camera,Sony
B00ZYNHDT4,SanDisk Extreme 500 480GB USB 3.0 Portable SSD (Solid State Drive) - SDSSDEXT-480G,SanDisk
B01BV14OXA,PowerShot G7 X Mark II Digital Camera with Free Accessory Kit,Canon
B01N8U0046,"HP 15-ba009dx 15.6 AMD A6-7310 2GHz 4GB DDR3 500GB HDD Radeon R4 W10 Refurbished""",HP
B00Z0IBM4K,Razer Kraken Pro Gaming Headset Green,Razer
B0167Q140U,PowerShot G9 X Digital Camera Accessory Kit (Silver),Canon
B01N5LSOM5,Kenwood - In-Dash Digital Media Receiver - Bluetooth - Satellite Radio-ready with Detachable Faceplate - Black,Kenwood
B01BY7YUKI,Yamaha RX-V681BL 7.2-Channel MusicCast AV Receiver with Bluetooth,Yamaha
B00NUVS4L8,Yamaha R-N301 Network Audio/Video Player - Black (rn301bl),Yamaha
B00XLSS77G,HMDX Dynamite Portable Splashproof Wireless Speaker (Gray),HMDX
B00336G7MI,Sony - Travel Charger - Black,Sony
B01GB3U8WO,"Refurbished Vizio 55 Class 4K (2160P) Smart LED Home Theater Display (M55-D0)""",VIZIO
B00WR292JE,"SAMSUNG 40 Class FHD (1080P) Smart LED TV (UN40J5200AF)""",Samsung
B01N5UXLJ8,"Refurbished LG 65 Class 4K (2160P) Smart LED TV (65UJ7700)""",LG
B01BDCBNUY,Kicker 43CXA3001 600 Watt MONO Class D Power Car Audio Amplifier Amp CXA300.1,Kicker
B016PE1WZQ,Details About New Arris Surfboard 16x Cable Modem With Wifi Ac1900 Router (sbg6900ac),Arris
B072KHY7QQ,Apple - iPad Pro 12.9-inch (Latest Model) with Wi-Fi + Cellular - 512 GB - Gold,Apple
B000IE8Z4Q,Bose® - Companion® 5 Multimedia Speaker System (3-Piece) - Black,Bose®
B004L6MLPQ,Details About Genuine Used Apple 85w Magsafe Power Adapter Mc556ll/b Model A1343 1185cl,Apple
B00Q3J5WTQ,MH30 Foldable On-Ear Headphones (Gunmetal),Master Dynamic
B00GB2QG0E,W20 Dual-Driver with Crossover In-Ear Monitor Headphone (Black),Westone
B074BY6H5L,"Samsung - 88 Class - LED - Q9F Series - 2160p - Smart - 4K UHD TV with HDR""",Samsung
B01GOVPNKA,Chant Sport BT Portable Audio System (Natural),House of Marley
B01BH83OOM,Amazon - Amazon Tap Portable Bluetooth and Wi-Fi Speaker - Black,Amazon
B00N2S6ZW4,Toshiba - Canvio Basics 1TB External USB 3.0 Portable Hard Drive - White,Canvio
B00HWI41MG,Monster - Black Platinum Line 9' 4K Ultra HD In-Wall HDMI Cable - Black,Monster
B01N6ERCXI,"D3400 DSLR Camera with 18-55mm and 70-300mm Lenses (Red, Refurbished)",Nikon
B000ETCD7A,ST680P Tilt Wall Mount with Phillips Screws for 60 to 95 TVs (Black),Peerless-AV
B00JOGVL0Y,DSLR Value Pack with Nikon School Online Course,Nikon
B01N9YDYYG,Rocketfish™ - 4-Port 4K HDMI Switch Box - Black,Rocketfish™
B00OQOWDS8,Sanus - Speaker Stands for SONOS PLAY Speakers (Pair) - Black,Sanus
B00F9X757E,Lowepro - Urban Reporter 150 Camera Messenger Bag - Black,Lowepro
B003A2VKUY,Dual Cassette Deck with MP3 Converter,Pyle Pro
B075QQ57LK,JBL - Everest 110 Wireless In-Ear Headphones - Gunmetal,JBL
B01MYZYPYH,Details About Razer Blackwidow Chroma V2,Razer
B012TS9V3W,PNY - 16 GB (2PK x 8GB) 1.6 GHz DDR3L SoDIMM Laptop Memory Kit - Green,PNY
B01LZ6XKS6,12.3 32GB Multi-Touch 2-in-1 Chromebook Plus,Samsung
B073VSSNZH,"Details About Dell Inspiron I75675650blkpus 15.6 Laptop I57300hq""",Dell
B008ALADKI,Apple 45W MagSafe 2 Power Adapter for Macbook Air (MD592LL/A),Apple
B072QGNFMC,"Apple - MacBook Pro® - 13 Display - Intel Core i5 - 8 GB Memory - 256GB Flash Storage (Latest Model) - Space Gray""",Apple
B06XG311P8,"Details About Samsung 55 Class 4k (2160p) Smart Led Tv (un55mu7000fxza)""",Samsung
B01LQQHL4E,4TB My Book Desktop USB 3.0 External Hard Drive,WD
B014CKVZRU,DroneGuard CS 400,Lowepro
B00Z7RZMAO,fr Case for Galaxy S7 (Black),LifeProof
B01NBBU39A,mophie - Juice Pack External Battery Case with Wireless Charging for Apple® iPhone® 7 Plus and 8 Plus - Rose Gold,mophie
B01CVOMZDM,Razer Ripsaw USB 3.0 Game Stream and Capture Card for PC,Razer
B00MQE9S7Y,Elite SP-EC73 3-Way Center Speaker,Pioneer
B014LNQEA6,1500-Watt Digital Infrared Heater with Wi-Fi Phone App - White,Crane
B01HL8KX64,Sonos - SUB Wireless Subwoofer - White,Sonos
B00GNI79HK,Canon Black EOS Rebel T5i Digital SLR Camera with 18 Megapixels and 18-135mm Lens Included,Canon
B0756P6DL9,BOOM 2 Wireless Bluetooth Speaker - Indigo,Ultimate Ears
B00O8YLL8E,"Sony - Core Series Dual 5 3-Way Floorstanding Speaker (Each) - Black""",Sony
B00IZDLD32,Alpha a6000 Mirrorless Digital Camera with 16-50mm and 55-210mm Lenses Kit (Silver),Sony
B01N4ODJG0,"Ginsu BESTBUY5580020 Lenovo Ideapad 11.6 Laptop""",Ginsu
B01HAQN5GC,"Dell XPS 15 15.6 4K Touchcreen Laptop Intel i7-6700HQ 16GB 1TB SSD GTX 960M""",Dell
B01HETFPTU,Bose® - Soundlink® Color Bluetooth Speaker II - Coral Red,Bose®
B01B6LRXUG,Kenwood - CD - Built-In Bluetooth - Apple® iPod®- and Satellite Radio-Ready - In-Dash Deck - Black,Kenwood
B011Z77M0C,SanDisk - Ultra 32GB microSDHC Class 10 Memory Card,SanDisk
B016LG86PW,"Apple - 21.5 iMac® - Intel Core i5 - 8GB Memory - 1TB Hard Drive - Silver""",Apple
B0148NPHO8,"SP-T22A-LR Dolby Atmos-Enabled Add-On Speakers (Pair, Black)",Pioneer
B00IIMXA4U,Pro-Ject - Debut Stereo Turntable - Shine red,Pro-Ject Audio Systems
B00GFXTDAE,"Polk Audio - SurroundBar 8-Channel Soundbar System with 8 Wireless Subwoofer - Black""",Polk Audio
B06XX1SR33,V-MODA - Crossfade 2 Wireless Over-the-Ear Headphones - Rose gold,V-MODA
B01F97W9ZM,CORSAIR - Carbide Series Clear® 400C Compact ATX/EATX/Mini-ITX/Micro ATX Mid-Tower Case - White,CORSAIR
B00NTR45IE,PM7005 2-Channel Integrated Amplifier,Marantz
B00O4EFFPS,YU2 Powered Desktop Speakers (Glossy Red),Kanto Living
B075V2J99Y,Samsung - Fast Charge Wireless Charger - Black,Samsung
B00B7IDCXG,"MartinLogan - Helos 12 6-1/2 In-Ceiling Speaker (Each) - Paintable White""",MartinLogan
B0751C6G3K,HP Pavilion 24-inch All-in-One Computer,Amd
B078WGL83J,X850F-Series 75-Class HDR UHD Smart LED TV,Sony
B018QAYM7C,"Samsung - Galaxy Tab E - 9.6 - 16GB - Black""",Samsung
B072QG8BX6,"Apple - MacBook Pro® - 13 Display - Intel Core i5 - 8 GB Memory - 256GB Flash Storage (Latest Model) - Silver""",Apple
B01N1PFD0Q,"Westinghouse - 43 Class - LED - 2160p - Smart - 4K UHD TV with HDR""",Westinghouse
B077T5S272,Audio-Technica ATH-SR6BTBK Wireless Over-Ear High Resolution Headphones,Audio-Technica
B01N74T6RG,Soundcast - Portable Bluetooth Speaker - Gray/black,Soundcast
B005G8VDQ6,Russound - 2-Way Outdoor Rock Loudspeaker (Each) - Weathered Granite,Russound
B06XS7G71Y,Apple - Smart Cover for Apple iPad and iPad® Air 2 - Charcoal Gray,Apple
B076VQB8DQ,Details About Brand New In Box Wacom Bamboo Ink Cs321ak Smart Stylus Pen Black,Wacom
B004FTMRJO,"Polk Audio - Blackstone TL Series 3-1/4 Compact Speaker (Each) - Black""",Polk Audio
B0752VK4XV,Details About Razer Basilisk Ergonomic Fps Gaming Mousefast,Razer
B002P9BL0M,"15-Volt 3 Amp 6.0 mm-3.0 mm AC Adapter for TOSHIBA Tecra, Satellite and Satellite Pro Series Laptops",Denaq
B0043M667W,Polk Audio - Blackstone 5.0-Channel Home Theater Speaker System - Black,: Polk Audio
B01LXPLVQS,"SunBriteTV - Pro Series - 55 Class (55"" Diag.) - LED - Outdoor - Full Sun - 1080p - HDTV""",SunBriteTV
B013JPLM68,Toshiba - 1TB Internal SATA Hard Drive for Laptops,Toshiba
B013QFRZL2,WD - Blue 500GB Internal SATA Hard Drive,WD
B078H1XWFG,"Sony XBR-65A8F 65 BRAVIA OLED 4K HDR TV""",Sony
B01AZ8ERHI,"7.0 Tab A 8GB Tablet (Wi-Fi Only, Black)",Samsung
B01AZ7LYHA,"Samsung Galaxy Tab E Lite Kids 7; 8 GB Wifi Tablet (White) SM-T113NDWACCC""",Samsung
B06XRNQB9W,"VIZIO 39 Class FHD (1080P) Smart LED TV (D39f-E1)""",VIZIO
B01D3BDXQA,391 Series C32F391 32 16:9 Curved FreeSync LCD Monitor,Samsung
B00BTVSAHE,OS120FM Full-Motion Wall Mount for 42 to 70 Displays (Black),OmniMount
B00QDKPTUC,iLive - ISBW216 Wireless Gnome Outdoor Speaker - Multi,iLive
B005BE058W,EVGA - 750W ATX12V / EPS12V Modular Power Supply - Black,EVGA
B01MFCQVLB,64GB Extreme PRO UHS-II SDXC Memory Card with 64GB SanDisk Extreme PRO UHS-I SDXC Memory Card Kit,SanDisk
B00VM5I2IY,Chant Mini Portable Bluetooth Wireless Speaker (Navy),House of Marley
B00BP0SSAS,TL-SG1008P 8-Port Gigabit Desktop Switch with 4-Port PoE,TP-Link
B01JOF7YGY,PNY - XLR8 NVIDIA GeForce GTX 1080 8GB GDDR5X PCI Express 3.0 Graphics Card - Black/Red,PNY
B071K61XFC,EOS Rebel SL2 DSLR Camera Body Deluxe Kit,Canon
B00U2UZ40Y,instax mini 8 Instant Film Camera and Groovy Case Kit (Raspberry),Fujifilm
B01D3NZIMA,Apple - Pre-owned 9.7-inch iPad Pro - 128GB - Space gray,Apple
B06XCR93SJ,"Sony 65 Class 4K (2160P) Smart OLED TV (XBR65A1E)""",Sony
B06XDPYMDN,Sony - 2.1-Channel Soundbar System with Wireless Subwoofer and Digital Amplifier - Black,Sony
B071DKY952,EA9300 Tri-Band Wireless-AC4000 MAX-STREAM MU-MIMO Gigabit Router,Linksys
B019Q895FC,Sony - XB7 Extra Bass Audio System with Bluetooth - Black,Sony
B01CG8NEOW,"Sony - 40 class (39.5"" Diag.) - LED - 1080p - Smart - HDTV""",Sony
B00PUOK150,Details About New Oem Apple Ipad Air 2 Otterbox Defender Rugged Series Case With Kick Stand,Otterbox
B01I5TJGSE,Details About Netgear Cm1000 Docsis 3.1 Ultrahigh Speed Cable Modem,Netgear
B06WVL4ND8,"Samsung - Notebook 5 15.6 Touch-Screen Laptop - Intel Core i5 - 8GB Memory - NVIDIA GeForce 920MX - 1TB Hard Drive - Solid black""",Samsung
B075SLGR9Z,TiVo - Mini VOX Streaming Media Player - Black,TiVo
B01LQQHEZK,2TB My Passport USB 3.0 Secure Portable Hard Drive (Orange),WD
B00LSS10PM,MyWirelessTV2 Multi-Room Wireless HD Video Kit,Actiontec
B00X9KVVQK,Bose® - QuietComfort® 20 Headphones (Android) - Black,Bose®
B019O5F86W,LG Electronics OLED65E6P Flat 65-Inch 4K Ultra HD Smart OLED TV (2016 Model),LG
B01ETRYDMK,SRS-ZR5 Wireless Speaker,Sony
B005441AJC,PLAY:3 Wireless Speaker (Black),Sonos
B01C5TFNPK,Samsung UN65KS9500 65-inch Smart 4K UHD TV,Samsung
B00VU2K10G,USB Type-C Digital AV Multiport Adapter,Apple
B06XG7B871,"Samsung - 40 Class - LED - MU7000 Series - 2160p - Smart - 4K UHD TV with HDR""",Samsung
B06XYD442J,AVR-X2400H 7.2-Channel Network A/V Receiver,Denon
B06XNJJ4JC,Sony - RF995RK Wireless Over-the-Ear Headphones - Black,Sony
B002JTG0PO,"Polk Audio - 7 3-Way Floor Speaker (Each) - Cherry""",Polk Audio
B00MJZWDZO,Flexson - Wall Mount for Sonos PLAY:1 Speakers (2-Pack) - White,Flexson
B00O0M46KO,Dell USB 3.0 Ultra HD/4K Triple Display Docking Station (D3100),Dell
B01DPSJMIO,HT-NT5 400W 2.1-Channel Soundbar System,Sony
B0087FFTT2,GripTight Gorillapod Stand with Charge Case for iPhone 6/6s (Black/Charcoal),Joby
B07211W6X2,"13.3 MacBook Air (Mid 2017, Silver)",Apple
B01D63UU52,CORSAIR M65 Pro RGB - FPS Gaming Mouse - 12,Corsair
B00MBLX332,Seagate - 2TB Internal SATA Hard Drive for Laptops,Seagate
B00TKFEEAS,Details About Seagate Expansion 1tb External Usb 3.0 Portable Hard Drive Black,Seagate
B00LL6P5U2,Liberate XLBT Bluetooth Headphones (Midnight),House of Marley
B00ANKN07C,Bower - Electret Condenser Microphone,Bower
B01KH8JFBY,Escort iX Long Range Radar Laser Detector,Escort
B01ASFDHPG,Alpine - UTE - Apple iPod- and Satellite Radio-Ready - In-Dash Receiver - Black,Alpine
B00KX3DQIC,"Pyle BT Vintage Style Turntable with AM/FM Radio, CD _ Cassette Players, USB Flash Recording _ Slide-Out /MP3 Dock",Pyle
B00JQTU3QC,Pioneer TS-SWX2502 10 inch Shallow-Mount Pre-Loaded Enclosure,Pioneer
B01D3NUJEC,Apple - Pre-owned 9.7-inch iPad Pro - 32GB - Space gray,Apple
B003VAGXWK,Logitech K800 Wireless Illuminated Keyboard — Backlit Keyboard,Logitech
B00C4401UO,LG - Super-Multi 24x External USB 2.0 Double-Layer DVD±/CD-RW Drive - Black,LG
B00HWIM2J0,Sandisk Flash Mp3 Player 8gb - Pink (sdmx24008p),Sandisk
B00KSBB7EY,"Samsung 24 Class HD (720P) LED TV (UN24H4500)""",Samsung
B014M8ZO8S,Details About Ue Boom 2 Wireless Waterproof Bluetooth Speaker Phantom Black,Ultimate Ears
B01F8GS8M2,"Samsung Level U PRO Headphones with ANC, Black",Samsung
B00O8MZD94,"JBL - 6 x 9"" 3-Way Car Speakers with Polypropylene Cones (Pair) - Black""",JBL
B01ABT3OMK,"HP - ProBook 14 Laptop - Intel Core i5 - 4GB Memory - 500GB Hard Drive - Black""",HP
B00TZ737YK,"Magellan Roadmate 5322-LM 5 Touchscreen Portable GPS Navigation System""",Magellan
B00TMHG5LU,naxa - 2.1-Channel Soundbar with 50-Watt Digital Amplifier - Black,naxa